gene,log2fc,pvalue,ci_low,ci_high,fdr,significant,is_de,true_log2fc
GENE4000,0.1443940403067323,0.7831620969278177,-1.0917767201073307,1.3805648007207953,0.9751492237835028,False,0,0.0
GENE4001,-0.3080966292081655,0.4403796050238553,-1.1870756592951395,0.5708824008788085,0.9055806785604976,False,0,0.0
GENE4002,-0.10499653463754122,0.7369764577375704,-0.7824794309536791,0.5724863616785967,0.9691735388751649,False,0,0.0
GENE4003,0.002251627174061799,0.9946947321584325,-0.736333751686618,0.7408370060347416,0.9984045558053897,False,0,0.0
GENE4004,0.30979296618581076,0.5041653431959071,-0.6864800670837468,1.3060659994553683,0.9170564455607898,False,0,0.0
GENE4005,-0.35607346550123964,0.4636647589594656,-1.41333975399034,0.7011928229878608,0.9072637960246164,False,0,0.0
GENE4006,-0.0033136650776670606,0.993585039452964,-0.906344873420086,0.8997175432647518,0.9984045558053897,False,0,0.0
GENE4007,2.783321420506293,5.791770037267945e-05,2.001673904257414,3.5649689367551716,0.002185251582465792,True,0,0.0
GENE4008,-0.11465999891818335,0.7211240887164092,-0.8247141560303182,0.5953941581939515,0.9691735388751649,False,0,0.0
GENE4009,0.28259745546506654,0.38348206913026206,-0.4083343810000146,0.9735292919301477,0.8827113054163502,False,0,0.0
GENE4010,0.0020725678118145296,0.9950596905771523,-0.7382497040305742,0.7423948396542033,0.9984045558053897,False,0,0.0
GENE4011,0.376284184901309,0.2834247095350859,-0.3730648190590069,1.125633188861625,0.8248301268542327,False,0,0.0
GENE4012,-0.08225868596717412,0.880297784321974,-1.326832505322776,1.1623151333884278,0.9828540667920449,False,0,0.0
GENE4013,-0.5171405449777389,0.3627487586383515,-1.7484621680673977,0.71418107811192,0.8772308517010946,False,0,0.0
GENE4014,0.06094794805920145,0.7951990551745937,-0.448464790712522,0.5703606868309249,0.9785159713207616,False,0,0.0
GENE4015,-0.16948102850458024,0.7197540779370206,-1.1927311453600153,0.8537690883508549,0.9691735388751649,False,0,0.0
GENE4016,-0.5580189887506823,0.05234720979689603,-1.1229035053106786,0.0068655278093138206,0.39893164184729357,False,0,0.0
GENE4017,-0.5567558639211585,0.179044925407276,-1.4218191780407845,0.3083074501984674,0.7329531589294439,False,0,0.0
GENE4018,0.4091190454989433,0.17645611283656495,-0.2409453397083995,1.0591834307062862,0.7260433809421163,False,0,0.0
GENE4019,0.43399384431445,0.6045796576678815,-1.386396742406871,2.254384431035771,0.9330779399297339,False,0,0.0
GENE4020,-0.20362300865540028,0.624512332331466,-1.1058839078563025,0.6986378905455018,0.9369670967915277,False,0,0.0
GENE4021,-0.5373237104395763,0.16505709230112023,-1.339318423247569,0.26467100236841656,0.7056012062656114,False,0,0.0
GENE4022,-0.06947409262935,0.8822854261236004,-1.0911848126997508,0.9522366274410508,0.9828540667920449,False,0,0.0
GENE4023,-0.5953998274719652,0.05251758323052979,-1.1986792101783739,0.007879555234443503,0.39893164184729357,False,0,0.0
GENE4024,-0.333511975414555,0.5564250503958735,-1.6380319749787677,0.9710080241496577,0.9232594227687783,False,0,0.0
GENE4025,-0.05283210134202765,0.8973916117313745,-0.9756433599694374,0.8699791572853821,0.9850860719190077,False,0,0.0
GENE4026,0.8018390639722952,0.02636863371365959,0.11868727324458828,1.4849908547000021,0.2565421260319098,False,0,0.0
GENE4027,-0.34312456746937414,0.38731314212434725,-1.2209934921437173,0.5347443572049689,0.8827113054163502,False,0,0.0
GENE4028,0.07381797787505029,0.8039650817708455,-0.5764100555226215,0.7240460112727221,0.9801179834252379,False,0,0.0
GENE4029,0.06592850504607384,0.8664912388163263,-0.8071366493249816,0.9389936594171293,0.9803012537877377,False,0,0.0
GENE4030,0.19515802536891336,0.5172062930603871,-0.4655614089018941,0.8558774596397208,0.9170564455607898,False,0,0.0
GENE4031,0.741387587573044,0.06385462769398584,-0.05179055787162423,1.5345657330177123,0.4425013673530598,False,0,0.0
GENE4032,0.0013060094781245368,0.9973935132172322,-0.868152816460983,0.870764835417232,0.9984045558053897,False,0,0.0
GENE4033,-0.7520569574168334,0.043423338336493096,-1.4771039570210758,-0.02700995781259119,0.3581518180480568,False,0,0.0
GENE4034,0.1517306107637384,0.7314968045165151,-0.8077551331259043,1.111216354653381,0.9691735388751649,False,0,0.0
GENE4035,0.13287678029551309,0.5940912415690865,-0.4060573187372163,0.6718108793282425,0.929563511803904,False,0,0.0
GENE4036,0.0354846813794909,0.9086882619037232,-0.6430185050861531,0.7139878678451349,0.9882485227201836,False,0,0.0
GENE4037,-0.21802666217423416,0.48355019841530356,-0.8932739460797183,0.45722062173125,0.9135954938974477,False,0,0.0
GENE4038,0.13873480722958753,0.5179803796739968,-0.3383748301792076,0.6158444446383826,0.9170564455607898,False,0,0.0
GENE4039,-0.23436550857028937,0.5085273292208158,-1.0071184605075478,0.538387443366969,0.9170564455607898,False,0,0.0
GENE4040,-2.1504755454099866,6.193227574582404e-05,-2.871188823161788,-1.4297622676581851,0.002243838890150513,True,1,-1.63
GENE4041,0.4830991432148548,0.22965308972005183,-0.39971851377666745,1.365916800206377,0.7847142771576165,False,0,0.0
GENE4042,-0.20714613118336644,0.6024086247573197,-1.0818467524039495,0.6675544900372167,0.9330779399297339,False,0,0.0
GENE4043,1.5962332592675015,0.0023850693894289683,0.7162932213126101,2.4761732972223927,0.03709064601671033,True,1,2.06
GENE4044,0.042086646716628096,0.8942014538327361,-0.650364270604848,0.7345375640381042,0.9844191032996955,False,0,0.0
GENE4045,2.314200254333236,0.00018947496115153778,1.5251042664915144,3.1032962421749573,0.005152369187960658,True,1,2.259
GENE4046,2.957790856414622,4.616566572838286e-05,2.1009678673796652,3.814613845449579,0.0020547281581003887,True,0,0.0
GENE4047,-0.5826565777456159,0.3642173662758975,-1.980893105059474,0.8155799495682423,0.8772308517010946,False,1,-1.12
GENE4048,0.3268853913846348,0.4121436361651324,-0.5244719582673905,1.17824274103666,0.8935502416230686,False,0,0.0
GENE4049,0.10483119263930352,0.7724946000988949,-0.7284517393078015,0.9381141245864085,0.9751387777485206,False,0,0.0
GENE4050,-0.24686732114863297,0.33066275507567733,-0.8029058417074381,0.3091711994101721,0.8609157948871305,False,0,0.0
GENE4051,0.05759409021589157,0.8795518899486543,-0.7729350134991014,0.8881231939308846,0.9828540667920449,False,0,0.0
GENE4052,0.20290671870666444,0.7489034877839948,-1.2210315243845355,1.6268449617978644,0.9692418112874588,False,0,0.0
GENE4053,0.9216224256855252,0.035140346846410236,0.08447601176300745,1.758768839608043,0.31620216824916086,False,1,1.292
GENE4054,-0.23060781296972266,0.547090333903717,-1.0750291799328686,0.6138135539934233,0.9194067492772341,False,0,0.0
GENE4055,0.18009857355689363,0.6042379796467712,-0.5697836306550802,0.9299807777688675,0.9330779399297339,False,0,0.0
GENE4056,-0.569334764333274,0.11138484520193814,-1.3027952820461226,0.16412575337957447,0.5891667795133901,False,0,0.0
GENE4057,0.281229071559534,0.6465464452287264,-1.1066507545816,1.669108897700668,0.9403013470741787,False,0,0.0
GENE4058,-0.41951760138601646,0.22523402831471556,-1.1437267952498735,0.3046915924778406,0.7826134210394398,False,0,0.0
GENE4059,0.2537557243541775,0.45864374932950214,-0.5004401678387891,1.007951616547144,0.9072637960246164,False,0,0.0
GENE4060,-0.2851541059185303,0.20819285728762535,-0.7655418221549495,0.19523361031788883,0.7700016725525469,False,0,0.0
GENE4061,-0.4517206336148183,0.23843032737529996,-1.2645438556454545,0.3611025884158179,0.7920410437611398,False,0,0.0
GENE4062,0.20078002506643866,0.4716622852002287,-0.4030272567960147,0.804587306928892,0.9097002082719253,False,0,0.0
GENE4063,-0.319329675171272,0.40771947593884694,-1.1443816538684457,0.5057223035259016,0.8927338857862779,False,0,0.0
GENE4064,-0.27190058992052535,0.3231941669129341,-0.8628060446604052,0.31900486481935453,0.8592350499842759,False,0,0.0
GENE4065,-0.08629637471756091,0.7829217190439359,-0.7657506817094738,0.593157932274352,0.9751492237835028,False,0,0.0
GENE4066,0.11506050167854331,0.8276597075050436,-1.0426478974707845,1.272768900827871,0.9803012537877377,False,0,0.0
GENE4067,-0.47167372466641755,0.17055783419254555,-1.2086151098969744,0.2652676605641393,0.7102078164677406,False,0,0.0
GENE4068,-0.14523505469561826,0.6735025818402884,-0.8958444351976181,0.6053743258063816,0.9487643360446288,False,0,0.0
GENE4069,0.4922620939031752,0.09245910381829496,-0.09731624429088981,1.0818404320972403,0.532179172123079,False,0,0.0
GENE4070,0.1351334857302322,0.7397591128777684,-0.7526882338603977,1.0229552053208621,0.9691735388751649,False,0,0.0
GENE4071,0.12850864723983868,0.769844342476097,-0.849215281237946,1.1062325757176232,0.9751387777485206,False,0,0.0
GENE4072,-0.0006836053617469418,0.9980403681981591,-0.6055894889632425,0.6042222782397486,0.9985459610898502,False,0,0.0
GENE4073,-0.12065714783096837,0.6873318679115736,-0.7866730080438081,0.5453587123818714,0.9526178520177951,False,0,0.0
GENE4074,-0.054587455538694485,0.8568626809745108,-0.7440598401050883,0.6348849290276993,0.9803012537877377,False,0,0.0
GENE4075,-0.3202526043391236,0.22095365207340545,-0.8668362397108379,0.22633103103259067,0.7796421256887536,False,0,0.0
GENE4076,-0.31578345821311604,0.5211801133875928,-1.4410273219271876,0.8094604055009555,0.9170564455607898,False,0,0.0
GENE4077,-0.040215868423702616,0.9097024419228679,-0.8278532408620451,0.7474215040146399,0.9888070020900738,False,0,0.0
GENE4078,2.7779828586175643,2.4261906182328316e-05,2.007808026984982,3.5481576902501466,0.001364357872206964,True,1,2.52
GENE4079,0.0660206973109494,0.8648837603330484,-0.7769497444257317,0.9089911390476305,0.9803012537877377,False,0,0.0
GENE4080,-0.4066151015772457,0.4198289741020881,-1.4995309729291206,0.6863007697746293,0.8993082688195487,False,0,0.0
GENE4081,-2.6162739528396024,1.1549826516792715e-06,-3.136941439987844,-2.0956064656913607,0.00045621814741331223,True,1,-2.643
GENE4082,3.306806864162705,4.838361816609864e-07,2.6837579605322492,3.9298557677931605,0.00039014186419343355,True,1,2.774
GENE4083,0.48279882372155214,0.2745708681878764,-0.5180994887582291,1.4836971362013334,0.818170487522472,False,0,0.0
GENE4084,-0.041111180882944076,0.9265929694563952,-1.0120337569636075,0.9298113951977193,0.9924306956389631,False,0,0.0
GENE4085,-0.3862883386851532,0.16785272941739543,-0.967747885412472,0.1951712080421656,0.709869680084274,False,0,0.0
GENE4086,0.023998767864301662,0.9655581579402879,-1.195473464198173,1.2434709999267763,0.9984045558053897,False,0,0.0
GENE4087,-0.1853287152111136,0.4011524468499548,-0.6804482162790326,0.3097907858568055,0.8915392620141253,False,0,0.0
GENE4088,0.2165362250417635,0.5155001686284479,-0.5217735428530205,0.9548459929365475,0.9170564455607898,False,0,0.0
GENE4089,-0.2256401336716376,0.5015901582424942,-0.9513145798826618,0.5000343125393866,0.9170564455607898,False,0,0.0
GENE4090,0.28223801631383516,0.517205910817918,-0.6553449437549131,1.2198209763825836,0.9170564455607898,False,0,0.0
GENE4091,-0.18550900947954574,0.6428420909003941,-1.0637019154717962,0.6926838965127048,0.9395669826268277,False,0,0.0
GENE4092,0.002414296402823979,0.994635226266467,-0.7787398126043994,0.7835684054100474,0.9984045558053897,False,0,0.0
GENE4093,0.3502714249232586,0.35230870316009477,-0.4586115882599605,1.1591544381064778,0.8759953714318836,False,0,0.0
GENE4094,0.13759113193818573,0.7476519232942771,-0.79136128467025,1.0665435485466215,0.9692418112874588,False,0,0.0
GENE4095,0.3447421561753088,0.26355906850954064,-0.3040965175499618,0.9935808299005794,0.8130488330862804,False,0,0.0
GENE4096,0.22339164157784808,0.5604597957919728,-0.6251260157364151,1.0719092988921113,0.9235527230959638,False,0,0.0
GENE4097,0.5242465138716703,0.14227462166126473,-0.210370774733169,1.2588638024765095,0.6631421555414612,False,0,0.0
GENE4098,0.296673135556615,0.43738979442381576,-0.5284685360027566,1.1218148071159866,0.9055806785604976,False,0,0.0
GENE4099,2.8858964042453907,2.062633463396853e-05,2.0823737700893012,3.68941903840148,0.0013140971258738014,True,0,0.0
GENE4100,0.7610412708061034,0.34692227437654705,-1.0689992153038663,2.591081756916073,0.8728299259792107,False,0,0.0
GENE4101,0.16777531080205232,0.6235843134172459,-0.6159328017798853,0.95148342338399,0.9369670967915277,False,0,0.0
GENE4102,-0.21338280644303298,0.675639035064834,-1.3281427602661968,0.9013771473801309,0.9492626214122201,False,0,0.0
GENE4103,-0.18253019383183045,0.6457701445371726,-1.0424618170102107,0.6774014293465498,0.9398644329115077,False,0,0.0
GENE4104,0.010860246187319511,0.9785752166269793,-0.8837670877229014,0.9054875800975404,0.9984045558053897,False,0,0.0
GENE4105,0.9017639126451091,0.039170125972424454,0.055380382865165,1.7481474424250534,0.34078189543666676,False,0,0.0
GENE4106,3.007070846591043,1.9071454110224786e-05,2.3570574764417036,3.6570842167403828,0.0012830318546150298,True,1,2.608
GENE4107,0.1837280208380101,0.6096764270437278,-0.5958127518746678,0.963268793550688,0.9331765799094076,False,0,0.0
GENE4108,-0.3291828191013284,0.5128262834553308,-1.4684247808144666,0.8100591426118098,0.9170564455607898,False,0,0.0
GENE4109,-0.11309225957601843,0.6660273843406781,-0.6812046742283802,0.4550201550763433,0.9447923796219101,False,0,0.0
GENE4110,-0.08425011544952632,0.8117232609782428,-0.8589579054605813,0.6904576745615286,0.9801179834252379,False,0,0.0
GENE4111,-0.48832814774385147,0.40598729023466307,-1.7464254213409638,0.7697691258532608,0.8915392620141253,False,0,0.0
GENE4112,0.4618905294755926,0.13837175478397032,-0.17941324111027723,1.1031943000614626,0.6553578314108905,False,1,0.963
GENE4113,0.12694604258887998,0.8117726413850073,-1.0994225886082425,1.3533146737860025,0.9801179834252379,False,0,0.0
GENE4114,0.8219070026614457,0.025874261691897833,0.1230410217488681,1.5207729835740231,0.25372406650332374,False,0,0.0
GENE4115,0.12536759836748423,0.7486548599965256,-0.7390005560881011,0.9897357528230696,0.9692418112874588,False,0,0.0
GENE4116,2.0320995477449504,6.248665263710289e-05,1.3501130810888387,2.714086014401062,0.002243838890150513,True,1,2.029
GENE4117,-0.39578809360751244,0.3862893965816597,-1.3706522987135248,0.5790761114984998,0.8827113054163502,False,0,0.0
GENE4118,-0.7361215053976142,0.057048312007112446,-1.499196982225627,0.026953971430398682,0.4142294713751731,False,0,0.0
GENE4119,-0.003469243153914725,0.9933031331967246,-0.9423495776582467,0.9354110913504172,0.9984045558053897,False,0,0.0
GENE4120,-0.12289076952543088,0.7390346172794089,-0.9383649520773374,0.6925834130264756,0.9691735388751649,False,0,0.0
GENE4121,0.04437491257436754,0.8853933786319617,-0.6259441051929204,0.7146939303416555,0.9828540667920449,False,0,0.0
GENE4122,0.41982813530882224,0.11124960476974514,-0.12438035320903285,0.9640366238266773,0.5891667795133901,False,0,0.0
GENE4123,0.02856001277266973,0.9162927482827988,-0.5629523452031444,0.6200723707484839,0.9890016312598906,False,0,0.0
GENE4124,-0.20328965272378596,0.49808553534253175,-0.8482525015659249,0.441673196118353,0.9170564455607898,False,0,0.0
GENE4125,0.06266949034626368,0.8719730844764259,-0.7959976326427423,0.9213366133352696,0.9823997956879298,False,0,0.0
GENE4126,0.11028917264926541,0.6839136587650511,-0.47590896887710943,0.6964873141756402,0.9505485405073721,False,0,0.0
GENE4127,0.32303119952939685,0.5305567960145601,-0.8042269600002567,1.4502893590590504,0.9170564455607898,False,0,0.0
GENE4128,-0.4423550804962568,0.043867636758871176,-0.8696618915566912,-0.015048269435822492,0.3581518180480568,False,0,0.0
GENE4129,-0.05035860086952493,0.7927632512352535,-0.46627687755319613,0.3655596758141463,0.9773454564229873,False,0,0.0
GENE4130,-0.32135172099081366,0.3712607202078103,-1.0899773753783804,0.44727393339675303,0.8827113054163502,False,0,0.0
GENE4131,-0.379260791464346,0.2650933168140288,-1.0950911326261394,0.33656954969744735,0.8144867268506248,False,0,0.0
GENE4132,0.07054169127810095,0.8624393644520995,-0.845640674517246,0.9867240570734479,0.9803012537877377,False,0,0.0
GENE4133,-0.4397996329921434,0.20043720512437918,-1.1547009274178786,0.2751016614335917,0.7517526356968669,False,0,0.0
GENE4134,-1.977575367403055,0.00036673763177722007,-2.715443163320581,-1.2397075714855288,0.008622700270952495,True,1,-2.284
GENE4135,-0.4389708104464587,0.25764785007422136,-1.274034317331477,0.3960926964385595,0.8125186538969833,False,0,0.0
GENE4136,0.7562464336441772,0.22826995703134073,-0.5697590945664472,2.0822519618548014,0.7840576784989529,False,0,0.0
GENE4137,0.3801122116186386,0.26205279656754155,-0.3776538967341989,1.1378783199714761,0.8130488330862804,False,0,0.0
GENE4138,-0.517018602947072,0.14537459173869463,-1.267835280732164,0.23379807483801984,0.6639154874828452,False,0,0.0
GENE4139,-0.5413570855999623,0.12419626181028944,-1.2833240000265045,0.20060982882657974,0.6150700540634548,False,0,0.0
GENE4140,0.8362094895239149,0.029327927375541043,0.10764074951866354,1.5647782295291663,0.27714189744829454,False,0,0.0
GENE4141,-0.13682882529604612,0.6921644079454539,-0.8848298868291525,0.6111722362370603,0.9566303048931221,False,0,0.0
GENE4142,0.03259030051511047,0.8609438728339492,-0.3941890158182047,0.45936961684842564,0.9803012537877377,False,0,0.0
GENE4143,0.9034757934149156,0.07102182676123993,-0.09725522706958745,1.9042068138994186,0.473878742748138,False,0,0.0
GENE4144,0.2023948221541847,0.7278446873176334,-1.0647464645747626,1.469536108883132,0.9691735388751649,False,0,0.0
GENE4145,-0.14437390924592108,0.7652765664601475,-1.2249574692066934,0.9362096507148512,0.9751387777485206,False,0,0.0
GENE4146,0.41475303894991544,0.2424478340809721,-0.3759486636729511,1.2054547415727819,0.7934532671424102,False,0,0.0
GENE4147,0.042376420358253064,0.8824244864015446,-0.5829008608859202,0.6676537016024263,0.9828540667920449,False,0,0.0
GENE4148,-0.28087372573033953,0.5496908176540463,-1.3126801572804805,0.7509327058198014,0.9194067492772341,False,0,0.0
GENE4149,0.3393636500726229,0.4304762378440491,-0.5826489235516366,1.2613762236968824,0.9055806785604976,False,0,0.0
GENE4150,-0.07919493591424542,0.8902428896913374,-1.3506470497050578,1.192257177876567,0.9844191032996955,False,0,0.0
GENE4151,0.564646217162803,0.04388493162917961,0.019193843991534343,1.1100985903340717,0.3581518180480568,False,0,0.0
GENE4152,-0.30492702043509645,0.5092631987330125,-1.3045327857493572,0.6946787448791641,0.9170564455607898,False,0,0.0
GENE4153,-1.419604169377453,0.014036761312002216,-2.4578212433916473,-0.38138709536325854,0.16081051995165166,False,1,-2.001
GENE4154,0.28922848604298057,0.28816850001489647,-0.2983283309614141,0.8767853030473752,0.8248301268542327,False,0,0.0
GENE4155,0.06693238504169141,0.771397000149303,-0.4351746959518896,0.5690394660352724,0.9751387777485206,False,0,0.0
GENE4156,2.7035469666814755,2.854900020123379e-05,1.96310232022263,3.443991613140321,0.001483796720985177,True,1,2.5
GENE4157,-0.2984843629034124,0.3637779512186694,-0.9985715835307296,0.4016028577239048,0.8772308517010946,False,0,0.0
GENE4158,-0.7063352002544274,0.052196462845677576,-1.4210239997151217,0.008353599206266882,0.39893164184729357,False,0,0.0
GENE4159,0.04822677444192092,0.8979572626891645,-0.7875212546544551,0.8839748035382969,0.9850860719190077,False,0,0.0
GENE4160,-0.17076787620836065,0.6333846236166771,-0.9447206173237849,0.6031848649070636,0.9395669826268277,False,0,0.0
GENE4161,-0.23127064487502835,0.6080361056656038,-1.2459943673880565,0.7834530776379998,0.9330779399297339,False,0,0.0
GENE4162,-0.11869123771264789,0.6595429846218525,-0.7045509512291617,0.4671684758038659,0.9436081724752478,False,0,0.0
GENE4163,0.3998262899013625,0.19480255053532908,-0.2418568455538639,1.0415094253565889,0.7459075961570644,False,0,0.0
GENE4164,0.10386396771441042,0.7482324552495452,-0.642544917682082,0.8502728531109028,0.9692418112874588,False,0,0.0
GENE4165,0.6884432907169575,0.08495309844868759,-0.11855529675677334,1.4954418781906884,0.511531614134628,False,0,0.0
GENE4166,-0.46820931764640505,0.4650102932264979,-1.9375239812283551,1.001105345935545,0.9072637960246164,False,0,0.0
GENE4167,-0.5457885633548027,0.20733166390645139,-1.4529000047136127,0.3613228780040071,0.7690728719108165,False,0,0.0
GENE4168,-0.29636649532555737,0.48637102747920335,-1.2099868930209752,0.6172539023698604,0.9135954938974477,False,0,0.0
GENE4169,-0.24496563891354972,0.7091892144350537,-1.6682913041362297,1.1783600263091303,0.9674515076316891,False,0,0.0
GENE4170,-2.3260619465059866,0.0011885350128535983,-3.431951709458671,-1.220172183553302,0.02324115495431541,True,1,-2.877
GENE4171,-0.15856719376956896,0.5270223845363136,-0.6978032450268894,0.3806688574877515,0.9170564455607898,False,0,0.0
GENE4172,0.11339815957789767,0.7252463971726155,-0.6275269724510762,0.8543232916068716,0.9691735388751649,False,0,0.0
GENE4173,0.5745476459933325,0.1711690737410858,-0.3083781713275031,1.4574734633141682,0.7102078164677406,False,0,0.0
GENE4174,-0.34334572717700595,0.23911075482288854,-0.9618814434170685,0.2751899890630566,0.7920410437611398,False,0,0.0
GENE4176,0.1407053185940974,0.5675280273286174,-0.3896936965707405,0.6711043337589353,0.9248084603746035,False,0,0.0
GENE4177,-0.06444432857951732,0.8598013054824998,-0.8751222020675781,0.7462335449085434,0.9803012537877377,False,0,0.0
GENE4178,0.6560594317170321,0.05303972132980684,-0.010424479119899743,1.3225433425539639,0.4013542131278487,False,0,0.0
GENE4180,0.6707129895815998,0.05132732180727351,-0.004811318436260148,1.3462372975994596,0.3959822678490827,False,0,0.0
GENE4181,-0.2445880762331436,0.24677406209602515,-0.6878358274725427,0.19865967500625542,0.7976739323071189,False,0,0.0
GENE4182,0.023951098015886352,0.951154574802948,-0.8747509051067623,0.922653101138535,0.9981153546799778,False,0,0.0
GENE4183,0.12146520450377807,0.6586341354914862,-0.47496358642928604,0.7178939954368422,0.9436081724752478,False,0,0.0
GENE4184,-0.005931886938109976,0.9890667457322846,-0.9507663023549409,0.9389025284787209,0.9984045558053897,False,0,0.0
GENE4185,-0.2801570967605258,0.4612115826613482,-1.1158870405493566,0.5555728470283051,0.9072637960246164,False,0,0.0
GENE4186,0.33251066951372277,0.2186345203233656,-0.2451573921715411,0.9101787311989866,0.7796421256887536,False,0,0.0
GENE4187,0.7122429208487837,0.18782119916080184,-0.4192628244003407,1.843748666097908,0.7404129108634404,False,0,0.0
GENE4188,-0.6216039863321479,0.29595615185040436,-1.8893922056598225,0.6461842329955267,0.8319046091114812,False,0,0.0
GENE4189,-0.024365990332949394,0.9284475337383026,-0.613967100223705,0.5652351195578063,0.993328211881445,False,0,0.0
GENE4190,0.381428483442362,0.38191469545998125,-0.5999983238367569,1.3628552907214808,0.8827113054163502,False,0,0.0
GENE4191,0.44283684326215766,0.22349798274251698,-0.34459089845688606,1.2302645849812013,0.7826134210394398,False,0,0.0
GENE4192,0.4121383527989084,0.5483110251131413,-1.1242081471447254,1.9484848527425422,0.9194067492772341,False,0,0.0
GENE4193,0.17869078575760255,0.694085039887379,-0.8753892094628117,1.2327707809780168,0.9586139536906109,False,0,0.0
GENE4194,0.21209490197457725,0.749880164471582,-1.2352212599715369,1.6594110639206914,0.9692418112874588,False,0,0.0
GENE4195,-0.7561515604167242,0.20755232441947605,-2.0160753960290068,0.5037722751955587,0.7690728719108165,False,1,-1.507
GENE4196,-0.029062805303019523,0.933271321648451,-0.7981222848749716,0.7399966742689326,0.995254244198537,False,0,0.0
GENE4197,-0.7908195383845222,0.09566021670009381,-1.7512707676978743,0.1696316909288298,0.5399953638021241,False,0,0.0
GENE4198,-0.851121773894449,0.036333317505562956,-1.6346137059013284,-0.06762984188756949,0.3232355949256164,False,0,0.0
GENE4199,-0.13464345294103897,0.7246297686029493,-0.9636082387935547,0.6943213329114768,0.9691735388751649,False,0,0.0
GENE4200,0.01244771058509242,0.9816017163869921,-1.2432690249990643,1.2681644461692492,0.9984045558053897,False,0,0.0
GENE4202,0.06290226014842037,0.8112473889352514,-0.522536706716843,0.6483412270136838,0.9801179834252379,False,0,0.0
GENE4203,-0.03908174541064646,0.8459436591676542,-0.48020708700483644,0.4020435961835435,0.9803012537877377,False,0,0.0
GENE4204,-0.3174815097777026,0.5712603752434843,-1.535825324314367,0.9008623047589617,0.9294936563216196,False,0,0.0
GENE4205,0.7851508653851558,0.009418427849978388,0.23924485221598246,1.331056878554329,0.11273572729519586,False,0,0.0
GENE4206,-0.02122256186589322,0.955002545917929,-0.8663967195383515,0.8239515958065651,0.9981153546799778,False,0,0.0
GENE4207,-0.378282051299049,0.35088003231782694,-1.2401491024488487,0.48358499985075076,0.8759953714318836,False,0,0.0
GENE4208,-0.49607423903811654,0.22818152158335542,-1.3710624724431928,0.3789139943669598,0.7840576784989529,False,0,0.0
GENE4209,0.5758409567314837,0.19127707515456874,-0.34976026249071357,1.501442175953681,0.7448909403804614,False,0,0.0
GENE4210,-0.4361536066774043,0.40151824275549863,-1.567699991382584,0.6953927780277753,0.8915392620141253,False,0,0.0
GENE4211,-0.8368297735948071,0.10822229357667958,-1.9038145167986702,0.2301549696090559,0.582395176604747,False,0,0.0
GENE4212,-0.15161554127737276,0.6277704514465543,-0.83524390991791,0.5320128273631645,0.9369670967915277,False,0,0.0
GENE4213,-2.2214285512237986,3.912705760460028e-06,-2.7571054811835616,-1.6857516212640358,0.0007215322094512558,True,1,-2.1
GENE4214,0.1983037979428648,0.541124821622893,-0.5025559131430002,0.8991635090287298,0.9170564455607898,False,0,0.0
GENE4215,0.7570504457838692,0.2589038519084775,-0.6528722278299748,2.166973119397713,0.8125186538969833,False,0,0.0
GENE4216,3.0996297734134286,1.7902378311955817e-05,2.1989392709358264,4.000320275891031,0.0012830318546150298,True,0,0.0
GENE4217,0.8562094766876882,0.025364342189591098,0.13861570627912245,1.573803247096254,0.2504728791222121,False,0,0.0
GENE4218,0.032671963475552346,0.9280512695192537,-0.7577620054334807,0.8231059323845854,0.993328211881445,False,0,0.0
GENE4219,-0.48487435031466486,0.20059424760113867,-1.2804402974636209,0.31069159683429126,0.7517526356968669,False,0,0.0
GENE4220,0.06536190009782761,0.8510242771400603,-0.6910111994697766,0.8217349996654318,0.9803012537877377,False,0,0.0
GENE4221,0.431977440693295,0.2912599660100315,-0.4344496141216503,1.2984044955082403,0.829139547808847,False,0,0.0
GENE4222,0.05148595480712537,0.8776223072190723,-0.6783192806414593,0.78129119025571,0.9828540667920449,False,0,0.0
GENE4223,0.3095721634249067,0.39276793107792396,-0.46449053012828956,1.083634856978103,0.8906046657622272,False,0,0.0
GENE4224,-2.189042229091576,0.00010340502820199758,-2.8323891115072053,-1.5456953466759469,0.003191014542171019,True,1,-2.237
GENE4225,0.22564619469810232,0.3685452859591708,-0.3227647061496528,0.7740570955458574,0.8827113054163502,False,0,0.0
GENE4226,-0.7301085925544228,0.14499385958409225,-1.7677865722924058,0.3075693871835601,0.6639154874828452,False,0,0.0
GENE4227,0.33070066416760024,0.440230611912348,-0.6190245270715471,1.2804258554067476,0.9055806785604976,False,0,0.0
GENE4228,0.1701860577160188,0.7389565575981993,-0.980923325619883,1.3212954410519206,0.9691735388751649,False,0,0.0
GENE4229,-1.5134479080007672,0.0016595328698712798,-2.301947947695196,-0.7249478683063387,0.028261530860623076,True,1,-1.284
GENE4230,-0.060910370186808116,0.8651885321948161,-0.8437365097264286,0.7219157693528123,0.9803012537877377,False,0,0.0
GENE4231,1.7647646900595158,0.0016650338469664152,0.8726249629565132,2.6569044171625182,0.028261530860623076,True,1,1.684
GENE4232,-2.5106237250282177,0.00010719088743708295,-3.2856618324659843,-1.7355856175904512,0.0032569538875113664,True,1,-2.073
GENE4233,0.3326254115303433,0.440355516314033,-0.590391954891738,1.2556427779524246,0.9055806785604976,False,0,0.0
GENE4234,-0.6758856475961155,0.13023450960110977,-1.6100025473731527,0.2582312521809217,0.6319733574009626,False,0,0.0
GENE4235,0.10719975179512531,0.7639949299665403,-0.668318300649671,0.8827178042399216,0.9751387777485206,False,0,0.0
GENE4236,-0.3542874745025322,0.2716657860392156,-1.0328128901356193,0.3242379411305548,0.818170487522472,False,0,0.0
GENE4237,-0.14260043416178503,0.7713184422725815,-1.230559661119921,0.9453587927963509,0.9751387777485206,False,0,0.0
GENE4238,0.010783237679975244,0.9776592143429197,-0.8262116013184636,0.8477780766784141,0.9984045558053897,False,0,0.0
GENE4239,-0.019541574292395225,0.9550868115410482,-0.7917482248708768,0.7526650762860864,0.9981153546799778,False,0,0.0
GENE4240,0.5548711312949077,0.16833677005877887,-0.2816209832911446,1.3913632458809602,0.7102078164677406,False,0,0.0
GENE4241,-0.3547790806159026,0.3586731995769358,-1.181951818333645,0.4723936571018399,0.8767711503519908,False,0,0.0
GENE4242,-0.367888825738099,0.3568828253915988,-1.248943168407262,0.5131655169310642,0.8767711503519908,False,0,0.0
GENE4243,-0.26861484563895566,0.4704425391767685,-1.0809267474369983,0.5436970561590869,0.9082346186452764,False,0,0.0
GENE4244,-0.596668594109719,0.16615759309998274,-1.4872757782774013,0.2939385900579634,0.7057528797020367,False,0,0.0
GENE4245,0.1910312033833046,0.636335774856793,-0.7047892830742488,1.086851689840858,0.9395669826268277,False,0,0.0
GENE4246,-0.020480327905906037,0.9080224469937959,-0.40986772939320637,0.3689070735813943,0.9880685029271332,False,0,0.0
GENE4247,0.09777724075379979,0.751695402879708,-0.5779528996974288,0.7735073812050284,0.9696919795476312,False,0,0.0
GENE4248,2.832554208354966,7.901607376069541e-07,2.3003207104554972,3.364787706254435,0.00039014186419343355,True,1,2.962
GENE4249,-0.10312593302774431,0.7414573797535219,-0.7925872507891012,0.5863353847336126,0.9691735388751649,False,0,0.0
GENE4250,-0.09969420956834973,0.7057464864080787,-0.6786536756649968,0.4792652565282973,0.9652696057174206,False,0,0.0
GENE4251,0.22204197759537703,0.5336009548826766,-0.5463286743048843,0.9904126294956384,0.9170564455607898,False,0,0.0
GENE4252,0.19563424866745738,0.6719844079523607,-0.8606059145272247,1.2518744118621394,0.9473013602469039,False,0,0.0
GENE4253,0.0296798742599087,0.9531144016893867,-1.1021157726754554,1.1614755211952728,0.9981153546799778,False,0,0.0
GENE4254,-0.2577718444120025,0.606292879635637,-1.3612561276607722,0.8457124388367672,0.9330779399297339,False,0,0.0
GENE4255,0.16371502204922805,0.6813374153643481,-0.7142901554705817,1.041720199569038,0.9492626214122201,False,0,0.0
GENE4256,0.28014801889475116,0.2668805801852896,-0.25538840676809993,0.8156844445576023,0.8144867268506248,False,0,0.0
GENE4257,0.5203713318990202,0.2337328477561441,-0.42268220664237943,1.4634248704404198,0.7893288060815501,False,0,0.0
GENE4258,-0.5307614324204275,0.016559086440211847,-0.9381567841757705,-0.12336608066508448,0.1828224082003135,False,0,0.0
GENE4259,-0.3556839183517777,0.5028884324386106,-1.496387432994536,0.7850195962909805,0.9170564455607898,False,0,0.0
GENE4260,3.6980516592319415,4.471692508028656e-06,2.832489710896483,4.5636136075674,0.0007215322094512558,True,0,0.0
GENE4261,-0.30169812092768744,0.478510824189736,-1.22375970452278,0.6203634626674052,0.9135954938974477,False,0,0.0
GENE4262,0.0646851595817779,0.8680194330217678,-0.7814051459294531,0.9107754650930089,0.9803012537877377,False,0,0.0
GENE4263,0.21622923286988893,0.45764762264782644,-0.4239329963797218,0.8563914621194997,0.9072637960246164,False,0,0.0
GENE4264,0.48963126135395196,0.2972308431242771,-0.5113840721240928,1.4906465948319967,0.8319046091114812,False,0,0.0
GENE4265,0.5257287795983672,0.0771130248271877,-0.06881941668010783,1.120276975876842,0.492121459392372,False,0,0.0
GENE4266,0.1966931516332444,0.6837929675279333,-0.8760351906284303,1.269421493894919,0.9505485405073721,False,0,0.0
GENE4267,0.15978898415144283,0.5025232873387409,-0.38332384885534654,0.7029018171582322,0.9170564455607898,False,0,0.0
GENE4268,-0.4483362121876313,0.39511105541642244,-1.5761034079366312,0.6794309835613686,0.8915392620141253,False,0,0.0
GENE4269,0.22089864562552197,0.3567746921648408,-0.28936345462424184,0.7311607458752858,0.8767711503519908,False,0,0.0
GENE4270,-1.1517403754055113,0.0016285175424923938,-1.7511040977843988,-0.5523766530266239,0.028261530860623076,True,1,-1.081
GENE4271,0.34834612593873615,0.35981953826760027,-0.4642775009386394,1.1609697528161118,0.8767711503519908,False,0,0.0
GENE4272,0.7248628105501362,0.06844620252906913,-0.07195596237245283,1.5216815834727253,0.46522639277810274,False,0,0.0
GENE4273,2.2822385815830977,0.0018977748549771052,1.1351450984207592,3.429332064745436,0.030722174906391665,True,1,2.905
GENE4274,-0.7176267537068881,0.014298902859447757,-1.2574895438994695,-0.17776396351430657,0.1623007652149961,False,0,0.0
GENE4275,0.07447533114227056,0.8461958147345194,-0.7703812019756946,0.9193318642602357,0.9803012537877377,False,0,0.0
GENE4276,-0.14784204658767397,0.6679094345380545,-0.9088711309959663,0.6131870378206183,0.9456065471058478,False,0,0.0
GENE4277,0.09382698112622734,0.7736068076319965,-0.6239748304803577,0.8116287927328124,0.9751387777485206,False,0,0.0
GENE4279,-0.1856655979290398,0.5270639264338761,-0.8186968341472992,0.4473656382892196,0.9170564455607898,False,0,0.0
GENE4280,0.09003574128669545,0.7210678402729285,-0.4602195227328717,0.6402910053062626,0.9691735388751649,False,0,0.0
GENE4281,-0.34837270241124285,0.3839278446537092,-1.2119641120927578,0.5152187072702721,0.8827113054163502,False,0,0.0
GENE4282,0.15767511562304293,0.5963326427623019,-0.49165246036338284,0.8070026916094687,0.929563511803904,False,0,0.0
GENE4283,0.0042933907599955745,0.9903903674494081,-0.8510953146675898,0.859682096187581,0.9984045558053897,False,0,0.0
GENE4284,0.1799717437810151,0.6381389889965464,-0.6483579827886163,1.0083014703506465,0.9395669826268277,False,0,0.0
GENE4285,-0.06365651084012036,0.8750299855426156,-0.9644100140153523,0.8370969923351116,0.9828540667920449,False,0,0.0
GENE4286,-1.0155154527863313,0.017997508415617862,-1.8149314315387453,-0.21609947403391738,0.1942354050319414,False,0,0.0
GENE4287,-0.06349509641968876,0.8322606736562821,-0.7182331714816352,0.5912429786422577,0.9803012537877377,False,0,0.0
GENE4288,-0.7143719829191788,0.1572642023189098,-1.7742039829586642,0.3454600171203066,0.6891274203154324,False,0,0.0
GENE4289,-0.5918658847357907,0.3096028694910374,-1.8832254652816438,0.6994936958100624,0.8452379407343185,False,0,0.0
GENE4290,-0.19375356013666956,0.6123735327408363,-1.038220752198471,0.650713631925132,0.9339287468441325,False,0,0.0
GENE4291,0.37290606212969424,0.5771282090528584,-1.1609762189783308,1.9067883432377193,0.9294936563216196,False,0,0.0
GENE4292,-0.33886285395006066,0.2768642308806798,-0.9984079080350147,0.32068220013489335,0.8220735512183328,False,0,0.0
GENE4293,-0.04571303847754127,0.851419374482862,-0.5841135010114539,0.49268742405637134,0.9803012537877377,False,0,0.0
GENE4294,-0.3302228600851702,0.42973412080234197,-1.2637214909869812,0.6032757708166409,0.9055806785604976,False,0,0.0
GENE4295,-0.022445510167830918,0.9399928442355674,-0.6806223383023187,0.6357313179666568,0.9965034178020642,False,0,0.0
GENE4296,-0.1864670842770364,0.627011287892868,-1.0217352353948672,0.6488010668407943,0.9369670967915277,False,0,0.0
GENE4297,-0.3059639300083976,0.44878437560035866,-1.1736856841908632,0.5617578241740679,0.9062874660641189,False,0,0.0
GENE4298,-0.18415829814751206,0.5257090110709783,-0.8590462468081456,0.49072965051312145,0.9170564455607898,False,0,0.0
GENE4299,-0.38613314141128385,0.4037370408548886,-1.4140577090995579,0.6417914262769902,0.8915392620141253,False,0,0.0
GENE4300,0.07699409589014472,0.7328625700029685,-0.44416263917172605,0.5981508309520155,0.9691735388751649,False,0,0.0
GENE4301,0.21111838928287519,0.5881629835084488,-0.6538063211473828,1.0760430997131332,0.929563511803904,False,0,0.0
GENE4302,0.6465664285317803,0.17969756702189266,-0.3574043766666861,1.6505372337302466,0.7329531589294439,False,0,0.0
GENE4303,2.4629955624621243,0.00012803872546476158,1.5836396151530567,3.3423515097711918,0.0037742758625806585,True,1,2.928
GENE4304,-0.08389054544331742,0.7395552904912455,-0.6311257226277237,0.46334463174108886,0.9691735388751649,False,0,0.0
GENE4305,0.25845154311537755,0.5469826373931947,-0.6680299933417693,1.1849330795725244,0.9194067492772341,False,0,0.0
GENE4306,-0.23463749665223954,0.502358158506859,-0.9896159869772516,0.5203409936727725,0.9170564455607898,False,0,0.0
GENE4307,-0.6268236147453821,0.16293229148172053,-1.5792883749975815,0.32564114550681744,0.7026010385947556,False,0,0.0
GENE4308,-0.22184767778791237,0.538789568784737,-1.072376312859876,0.6286809572840513,0.9170564455607898,False,0,0.0
GENE4309,-0.6090382407974726,0.21849977459519615,-1.6826222993354125,0.4645458177404673,0.7796421256887536,False,1,-1.263
GENE4310,0.3980768212282415,0.20017389047148176,-0.2567107851443263,1.0528644276008094,0.7517526356968669,False,0,0.0
GENE4311,-0.3455136728157213,0.3873838021954785,-1.2100746597458274,0.5190473141143849,0.8827113054163502,False,0,0.0
GENE4312,0.6663656557589217,0.03977742329006992,0.04084921429866051,1.291882097219183,0.343058563309555,False,0,0.0
GENE4313,0.009350918696222621,0.9787415000487183,-0.7790923981441233,0.7977942355365686,0.9984045558053897,False,0,0.0
GENE4314,-0.2653336736177785,0.5399661679252235,-1.2513492782944176,0.7206819310588607,0.9170564455607898,False,0,0.0
GENE4315,-0.08396628859397381,0.7846937025590753,-0.7980125568898145,0.6300799797018669,0.9753304927657832,False,0,0.0
GENE4316,-0.16969593123630133,0.7160807002569008,-1.180353970981055,0.8409621085084524,0.9688648231981444,False,0,0.0
GENE4317,0.6175704979353522,0.12517544322871046,-0.221179755716294,1.4563207515869985,0.618053750941758,False,0,0.0
GENE4318,-0.3937107073037458,0.40627105610770264,-1.4780088006556378,0.6905873860481462,0.8915392620141253,False,0,0.0
GENE4319,-0.09294633255356022,0.725500582313074,-0.6675217352012947,0.4816290700941742,0.9691735388751649,False,0,0.0
GENE4320,0.6658001682042167,0.10070551880902351,-0.18331087676883195,1.5149112131772653,0.5564564125583408,False,0,0.0
GENE4321,-0.3619671274298142,0.3911683679506839,-1.297588463286154,0.5736542084265258,0.8879971571294261,False,0,0.0
GENE4322,-0.15138752982261572,0.6213996223408511,-0.8148840366924411,0.5121089770472097,0.9369670967915277,False,0,0.0
GENE4323,-0.43497578983591145,0.25610803896442924,-1.244821994563821,0.37487041489199824,0.8125186538969833,False,0,0.0
GENE4324,-0.49186240738427855,0.09749898440352818,-1.1019786373907192,0.11825382262216222,0.5454971506996266,False,0,0.0
GENE4325,-0.16200563748852037,0.6518733620500874,-0.9399301651405964,0.6159188901635556,0.9416048049726631,False,0,0.0
GENE4327,-0.2221430525884438,0.44154984683599663,-0.8565783746429734,0.41229226946608577,0.9055806785604976,False,0,0.0
GENE4328,-0.2254403126530562,0.591361905545167,-1.1351501988090882,0.6842695735029759,0.929563511803904,False,0,0.0
GENE4329,0.17559819048286052,0.5481456190506266,-0.4560267076979213,0.8072230886636423,0.9194067492772341,False,0,0.0
GENE4330,0.4349575276955868,0.3570225229406054,-0.5950841937281472,1.464999249119321,0.8767711503519908,False,0,0.0
GENE4331,-0.18602299659893706,0.4288653729727865,-0.6978700385673469,0.32582404536947274,0.9055806785604976,False,0,0.0
GENE4332,0.9415553607499774,0.09109064727041034,-0.1960329216940193,2.079143643193974,0.5276790929860551,False,0,0.0
GENE4333,0.3333907111114147,0.4552799508464367,-0.6931494464477519,1.3599308686705813,0.9072637960246164,False,0,0.0
GENE4334,0.46191294100414115,0.3832893219055828,-0.7063992888322186,1.630225170840501,0.8827113054163502,False,0,0.0
GENE4335,-0.4573489208781665,0.29737957166212947,-1.3856020696616729,0.47090422790534003,0.8319046091114812,False,0,0.0
GENE4336,-0.3175334527269138,0.294333778466821,-0.9632050158262945,0.3281381103724669,0.8319046091114812,False,0,0.0
GENE4337,-0.3215575806338311,0.45531139745814464,-1.2490262187504577,0.6059110574827955,0.9072637960246164,False,0,0.0
GENE4338,-0.057228177280725934,0.8523726018908787,-0.7249555744520356,0.6104992198905838,0.9803012537877377,False,0,0.0
GENE4339,-0.270480914202202,0.3740217350898206,-0.9500135217687261,0.4090516933643221,0.8827113054163502,False,0,0.0
GENE4340,-0.3924941529864867,0.3798359261968438,-1.3462853355385613,0.5612970295655879,0.8827113054163502,False,0,0.0
GENE4341,-0.35969917620921743,0.44694162695024897,-1.3758198069626386,0.6564214545442038,0.9058232809947696,False,0,0.0
GENE4342,-0.2204533565364577,0.6906040084052812,-1.4255991798427883,0.9846924667698729,0.955811434197919,False,0,0.0
GENE4343,-2.555456197822658,4.749325935628519e-06,-3.076092923927016,-2.0348194717183006,0.0007215322094512558,True,1,-2.729
GENE4344,0.07420065733750736,0.8823300467825015,-1.0216876774762018,1.1700889921512165,0.9828540667920449,False,0,0.0
GENE4345,0.6242909180146796,0.0956953809269587,-0.14170203223815991,1.3902838682675192,0.5399953638021241,False,0,0.0
GENE4346,-0.07842512177541394,0.7911344723404148,-0.7208527963880198,0.5640025528371919,0.9773454564229873,False,0,0.0
GENE4347,0.24792155785204262,0.5132031558272392,-0.5680050784065839,1.063848194110669,0.9170564455607898,False,0,0.0
GENE4348,0.3345071627054774,0.3608471530861016,-0.4481369465920556,1.1171512720030106,0.8772308517010946,False,0,0.0
GENE4349,0.001384520862238503,0.9967978728676274,-0.7538359637443077,0.7566050054687847,0.9984045558053897,False,0,0.0
GENE4350,0.22343417480493866,0.4339494420070962,-0.3880506227734344,0.8349189723833117,0.9055806785604976,False,0,0.0
GENE4351,-0.10372931527846285,0.7457580354634727,-0.7971544343071927,0.589695803750267,0.9692418112874588,False,0,0.0
GENE4352,-0.08572276190232397,0.8410148913102883,-1.0134681342660263,0.8420226104613785,0.9803012537877377,False,0,0.0
GENE4353,0.023549086348672255,0.9584635154163437,-0.9607410494848048,1.0078392221821493,0.9982829190951499,False,0,0.0
GENE4354,-0.7578194674940482,0.25907163917042986,-2.2180531713220217,0.7024142363339252,0.8125186538969833,False,0,0.0
GENE4355,-0.024427784704746713,0.9569143577547319,-1.012560162344139,0.9637045929346455,0.9982829190951499,False,0,0.0
GENE4356,-0.045781420691747066,0.8718595116991638,-0.6818512512432222,0.5902884098597281,0.9823997956879298,False,0,0.0
GENE4357,2.7935371807024336,0.00019044200036512812,1.7980505551612707,3.7890238062435966,0.005152369187960658,True,1,2.699
GENE4358,0.45757939270267656,0.37532018944433765,-0.6425487204637981,1.5577075058691512,0.8827113054163502,False,0,0.0
GENE4359,-1.6463282781849302,0.012716298920102688,-2.8083566216771656,-0.4842999346926946,0.1477334727482518,False,0,0.0
GENE4360,2.022190511495487,0.0015287140690260167,0.9777660161603032,3.066615006830671,0.027699176938774158,True,1,2.093
GENE4361,0.047254748072628416,0.8996022608244674,-0.7936415741530639,0.8881510702983207,0.9850860719190077,False,0,0.0
GENE4362,0.21397529256016234,0.66243917224957,-0.8493994938707654,1.27735007899109,0.9446334766735747,False,0,0.0
GENE4363,0.5957666343865027,0.0911081370674657,-0.1148520268531864,1.3063852956261917,0.5276790929860551,False,0,0.0
GENE4364,-0.10053744845102575,0.830695918189924,-1.1264254782510552,0.9253505813490037,0.9803012537877377,False,0,0.0
GENE4365,0.05012669455093466,0.9005439594845634,-0.8217592228632026,0.9220126119650719,0.9850860719190077,False,0,0.0
GENE4366,-1.4934166992301643,1.2717159872628259e-05,-1.9125807486547122,-1.0742526498056164,0.0010627074311353553,True,1,-1.379
GENE4367,0.48793894679700855,0.2567848585890895,-0.43775813857065415,1.4136360321646713,0.8125186538969833,False,0,0.0
GENE4368,0.03679788388328653,0.8788787370724447,-0.49014034339534085,0.5637361111619139,0.9828540667920449,False,0,0.0
GENE4369,1.2014540944177918,0.05079420396712368,-0.005129314817331698,2.408037503652915,0.3934060895492913,False,0,0.0
GENE4370,0.268553259376624,0.5533684486759742,-0.7286149540718035,1.2657214728250517,0.9230597011275752,False,0,0.0
GENE4371,0.28570206941938725,0.34458519977634017,-0.3561940349225464,0.9275981737613209,0.8713902299081585,False,0,0.0
GENE4372,-2.0247070293927534,0.0005100596695663402,-2.9107402878789004,-1.1386737709066064,0.011713579620854906,True,1,-1.932
GENE4373,-0.04597589111692235,0.8994189931472506,-0.8379654564072573,0.7460136741734126,0.9850860719190077,False,0,0.0
GENE4374,-3.311345982721437,1.948909146250678e-05,-4.254693621335906,-2.367998344106968,0.0012830318546150298,True,1,-2.913
GENE4375,-0.1614402660711871,0.590782263387606,-0.8238405399624601,0.5009600078200859,0.929563511803904,False,0,0.0
GENE4377,0.24298638011546458,0.5957434032954334,-0.7593270194374788,1.245299779668408,0.929563511803904,False,0,0.0
GENE4378,-0.25700454500170666,0.6287013046853737,-1.4295512915032704,0.9155422014998571,0.9369670967915277,False,0,0.0
GENE4379,-0.2114013433346651,0.48774005012699484,-0.9234278232644273,0.5006251365950971,0.9135954938974477,False,0,0.0
GENE4380,-0.093695625973516,0.7697033240641443,-0.8182588445448394,0.6308675925978074,0.9751387777485206,False,0,0.0
GENE4381,-0.11179578213147057,0.7305021818263966,-0.8204376139366455,0.5968460496737044,0.9691735388751649,False,0,0.0
GENE4382,0.3087900288944425,0.243135450247802,-0.2475942245139502,0.8651742823028352,0.7934532671424102,False,0,0.0
GENE4383,0.19747725272138972,0.5943798451890989,-0.6039409562123664,0.9988954616551459,0.929563511803904,False,0,0.0
GENE4384,-0.8365063439316156,0.09296294399112011,-1.865915608969425,0.1929029211061939,0.532179172123079,False,1,-1.27
GENE4385,-0.1502223355581842,0.4841556607091694,-0.616807773725212,0.31636310260884365,0.9135954938974477,False,0,0.0
GENE4386,0.15799094338280817,0.748905211803371,-0.9253152828222286,1.241297169587845,0.9692418112874588,False,0,0.0
GENE4387,0.07633038385855784,0.8398104822846759,-0.74550333097863,0.8981640986957456,0.9803012537877377,False,0,0.0
GENE4388,0.08559031725715727,0.795815129797887,-0.6323015577478572,0.8034821922621718,0.9786643096829558,False,0,0.0
GENE4389,-0.18504569619585176,0.5013083868690141,-0.7772859945691842,0.4071946021774807,0.9170564455607898,False,0,0.0
GENE4390,-0.05006318152079725,0.9007926308282167,-0.9439930189197887,0.8438666558781942,0.9850860719190077,False,0,0.0
GENE4391,0.7870172868631702,0.054831893984621086,-0.01973440419555461,1.5937689779218949,0.40823794823156806,False,0,0.0
GENE4392,-0.19437722639971788,0.641812258517573,-1.115463142182549,0.7267086893831132,0.9395669826268277,False,0,0.0
GENE4393,-0.34434477184029477,0.3443558737116553,-1.1177814492767955,0.4290919055962059,0.8713902299081585,False,0,0.0
GENE4394,0.14179130125877926,0.7919610043154056,-1.0745801690700676,1.358162771587626,0.9773454564229873,False,0,0.0
GENE4395,-0.19652208956426476,0.6048153085986221,-1.0160973266190125,0.6230531474904831,0.9330779399297339,False,0,0.0
GENE4396,-0.011026070881695382,0.9734340399058838,-0.7325610775408706,0.7105089357774799,0.9984045558053897,False,0,0.0
GENE4397,-0.10996047271463638,0.7865388717042506,-0.9907010675274984,0.7707801220982257,0.9761263280444417,False,0,0.0
GENE4398,0.4569102337749422,0.2453647241122857,-0.37024979275070435,1.284070260300589,0.797031792963428,False,0,0.0
GENE4399,0.3313704727106721,0.2576438628367362,-0.28837761453719857,0.9511185599585428,0.8125186538969833,False,0,0.0
GENE4400,-0.07629238957618156,0.8187982382202588,-0.7990766791312142,0.646491899978851,0.9803012537877377,False,0,0.0
GENE4401,-0.7723511665540359,0.055396339304334304,-1.5675092991928226,0.022806966084750746,0.40823794823156806,False,0,0.0
GENE4402,0.16187466051502852,0.6265164740650697,-0.5567113151766337,0.8804606362066908,0.9369670967915277,False,0,0.0
GENE4403,1.2758852242957452,0.003906866715073811,0.5419172566114311,2.0098531919800595,0.05673574825199101,False,1,0.926
GENE4404,0.36377556525988997,0.3520559958212113,-0.4668429982028687,1.1943941287226485,0.8759953714318836,False,0,0.0
GENE4405,3.5428424472394484,1.325925864152979e-05,2.651539831233557,4.43414506324534,0.0010627074311353553,True,0,0.0
GENE4406,0.6917427936924092,0.15990384784643885,-0.35951328907285407,1.7429988764576725,0.6956169592438695,False,0,0.0
GENE4407,-0.7781068341754631,0.03016546670662039,-1.464483149682943,-0.09173051866798321,0.28235448694585435,False,1,-1.034
GENE4408,0.42706474410830797,0.32799024979238534,-0.5259041140238091,1.3800336022404252,0.8609157948871305,False,0,0.0
GENE4409,0.09715785481027339,0.814828078818063,-0.8034781438334809,0.9977938534540277,0.9803012537877377,False,0,0.0
GENE4410,-2.488924043341259,8.321237909102282e-06,-3.082099804917809,-1.8957482817647087,0.0010037038333146797,True,1,-2.884
GENE4411,0.488253359054287,0.1661646020564289,-0.24463185952113042,1.2211385776297043,0.7057528797020367,False,0,0.0
GENE4412,-1.0346263796349362,0.019715220605001058,-1.8662145971228705,-0.20303816214700188,0.20711468454721857,False,1,-1.55
GENE4413,0.32978353561601903,0.2535791746453639,-0.29920207605123383,0.9587691472832719,0.8102891632427095,False,0,0.0
GENE4414,-0.27329165156455826,0.41516863800557613,-1.0083347649460421,0.4617514618169255,0.8941301545737701,False,0,0.0
GENE4415,-0.44513390331637037,0.2089675583744542,-1.1913929731059847,0.30112516647324405,0.7714222949337327,False,0,0.0
GENE4416,0.34158845132396465,0.3966354597700207,-0.5178769134304171,1.2010538160783464,0.8915392620141253,False,0,0.0
GENE4417,0.8183421759955758,0.07507701855163959,-0.10706925702826242,1.743753609019414,0.48775365670884274,False,0,0.0
GENE4418,0.3026319322900006,0.3337577820223379,-0.3712502593197575,0.9765141238997588,0.8632513705992898,False,0,0.0
GENE4419,0.013724802008369785,0.9727793824299873,-0.861963266832323,0.8894128708490626,0.9984045558053897,False,0,0.0
GENE4420,-0.2270201451953735,0.56228893988294,-1.0866532790553332,0.632612988664586,0.9238088230205794,False,0,0.0
GENE4421,-0.4910151527700499,0.4921314572204464,-2.1426248394407237,1.160594533900624,0.9147760381861157,False,0,0.0
GENE4422,-0.39298130313639135,0.3031802944135068,-1.2064438186323407,0.42048121235955815,0.8433536358685577,False,0,0.0
GENE4423,0.3283816149559522,0.4113338571363334,-0.527286864341218,1.1840500942531222,0.8935502416230686,False,0,0.0
GENE4424,-0.38853679881348757,0.3292845599937896,-1.2342485598234134,0.4571749621964384,0.8609157948871305,False,0,0.0
GENE4425,0.11173983719089975,0.7639657682529984,-0.6955901284446959,0.9190698028264954,0.9751387777485206,False,0,0.0
GENE4426,-0.17462735571681076,0.48162043889972717,-0.7126537261861656,0.3633990147525441,0.9135954938974477,False,0,0.0
GENE4427,0.44554496948117084,0.27839782776886934,-0.43813210195058017,1.3292220409129218,0.8231073500651451,False,0,0.0
GENE4428,-0.7273059552883545,0.01815800770499908,-1.2997275553916994,-0.15488435518500965,0.19490252835528904,False,0,0.0
GENE4429,0.7299043554341007,0.03514407178515286,0.0666033558266167,1.3932053550415846,0.31620216824916086,False,0,0.0
GENE4430,0.7284105410942519,0.09166640347086683,-0.144222878060564,1.6010439602490676,0.5293600785232806,False,0,0.0
GENE4431,-0.5224702896429418,0.27346988199595923,-1.602620026005147,0.5576794467192634,0.818170487522472,False,0,0.0
GENE4432,0.35358600529743667,0.18473310474569501,-0.19980362118649497,0.9069756317813683,0.7370664280257528,False,0,0.0
GENE4433,-0.5491794547561994,0.16923277402921794,-1.3909428034567668,0.292583893944368,0.7102078164677406,False,0,0.0
GENE4434,0.32260409948637214,0.4531455141794658,-0.602581870924086,1.2477900698968303,0.9072637960246164,False,0,0.0
GENE4435,0.26438346504269816,0.36505434511642065,-0.35651969985845955,0.8852866299438559,0.8781757997624005,False,0,0.0
GENE4436,-0.18667026578946722,0.7136170391085632,-1.3355034261280525,0.9621628945491181,0.9688648231981444,False,0,0.0
GENE4437,-0.22075645029948188,0.5428045492964877,-1.0583136715254406,0.6168007709264768,0.9170564455607898,False,0,0.0
GENE4438,0.053022768218642824,0.8490271289214758,-0.5554064099996373,0.661451946436923,0.9803012537877377,False,0,0.0
GENE4439,0.013890313072900895,0.9679498835241035,-0.7381528916680186,0.7659335178138204,0.9984045558053897,False,0,0.0
GENE4440,0.0022956809752434637,0.9957265368974579,-0.9319285043094537,0.9365198662599407,0.9984045558053897,False,0,0.0
GENE4441,0.09721869506702774,0.7531442721645076,-0.5729977128096158,0.7674351029436712,0.9702935013208758,False,0,0.0
GENE4442,0.055869534358961914,0.9203415231215657,-1.157966830731303,1.2697058994492267,0.9890016312598906,False,0,0.0
GENE4443,-0.17334819277876434,0.7024767858274167,-1.1583263572834483,0.8116299717259198,0.9652696057174206,False,0,0.0
GENE4444,0.15488252216363652,0.6865755045298003,-0.7021441406792017,1.0119091850064748,0.9526178520177951,False,0,0.0
GENE4445,-0.08215164535133379,0.8360834631062551,-0.9482634136255753,0.7839601229229077,0.9803012537877377,False,0,0.0
GENE4446,0.07329679652403343,0.8165937780953872,-0.6239938340459051,0.770587427093972,0.9803012537877377,False,0,0.0
GENE4447,0.07464560762050265,0.8608068618243327,-0.8608139858326218,1.0101052010736271,0.9803012537877377,False,0,0.0
GENE4448,0.07768319046028704,0.8829539950356485,-1.203553373215513,1.3589197541360871,0.9828540667920449,False,0,0.0
GENE4449,-0.44384142555779427,0.4446956460359407,-1.7523431070597748,0.8646602559441863,0.9058232809947696,False,0,0.0
GENE4450,0.011812995056633468,0.9781278880535876,-0.926817125418336,0.950443115531603,0.9984045558053897,False,0,0.0
GENE4451,-0.06904851058708017,0.8667966591270988,-0.9805253790227447,0.8424283578485844,0.9803012537877377,False,0,0.0
GENE4453,-0.2752992959181908,0.39553475918262326,-0.9662862408756582,0.4156876490392766,0.8915392620141253,False,0,0.0
GENE4454,0.3665195223444897,0.5662614908953691,-1.0856965984074787,1.818735643096458,0.9238088230205794,False,0,0.0
GENE4455,-0.03337310837179608,0.92032543769958,-0.7584443334169766,0.6916981166733844,0.9890016312598906,False,0,0.0
GENE4456,0.4143480511496822,0.19947927995701817,-0.2634367694505442,1.0921328717499086,0.7517526356968669,False,0,0.0
GENE4457,-0.03394875717313539,0.8983303912514293,-0.6240486804196346,0.5561511660733638,0.9850860719190077,False,0,0.0
GENE4458,-0.5442057528593773,0.1440717237701037,-1.313899704306517,0.22548819858776237,0.6639154874828452,False,0,0.0
GENE4459,-0.13904026488315058,0.5728748498657638,-0.6928882814031145,0.4148077516368134,0.9294936563216196,False,0,0.0
GENE4460,0.2476475049065443,0.5197820366749707,-0.5794909787414371,1.0747859885545257,0.9170564455607898,False,0,0.0
GENE4461,0.48814290068183963,0.2690667466477531,-0.450971422483586,1.4272572238472652,0.8162931253906488,False,0,0.0
GENE4462,0.6846152176533762,0.15245804865640888,-0.3008859163953438,1.670116351702096,0.6827769752753006,False,0,0.0
GENE4463,0.4570353555212696,0.16389843232477858,-0.22843705635290357,1.142507767395443,0.703365064691634,False,0,0.0
GENE4464,0.27003147717048215,0.47346122804657176,-0.5498838248853486,1.089946779226313,0.910778151241412,False,0,0.0
GENE4465,-0.21307892124089367,0.32551269532760196,-0.6890761283850421,0.2629182859032547,0.8592350499842759,False,0,0.0
GENE4466,3.11622971452067,4.681659094405949e-05,2.2081789184669587,4.024280510574381,0.0020547281581003887,True,1,2.998
GENE4467,-2.826566181671942,0.00025188121051967295,-3.8587305767567033,-1.7944017865871806,0.006297030262991824,True,1,-2.85
GENE4468,0.35419785734670217,0.304479868748422,-0.3809798813642572,1.0893755960576614,0.8435509338887751,False,0,0.0
GENE4469,0.7197837154533167,0.07419263038973828,-0.08496297290424726,1.5245304038108807,0.4867394802392374,False,1,0.915
GENE4470,-0.09868729173900803,0.7342546891444652,-0.7500649944258839,0.5526904109478679,0.9691735388751649,False,0,0.0
GENE4471,-0.30727954409885405,0.39872488114984517,-1.0839833945292148,0.46942430633150667,0.8915392620141253,False,0,0.0
GENE4472,0.037973903176589996,0.9256756978576993,-0.8659359500169425,0.9418837563701224,0.9924306956389631,False,0,0.0
GENE4473,-0.18622403500106088,0.6062832498259394,-1.01018407804207,0.6377360080399483,0.9330779399297339,False,0,0.0
GENE4474,0.22752310579011237,0.3271030345647644,-0.26544644178044163,0.7204926533606664,0.8607832128873172,False,0,0.0
GENE4475,-0.00862320795133531,0.9859025201730731,-1.086148927128531,1.0689025112258603,0.9984045558053897,False,0,0.0
GENE4477,0.2362889257262646,0.6523037582401183,-0.9561064280937486,1.4286842795462777,0.9416048049726631,False,0,0.0
GENE4478,-0.12346405981858766,0.7803560956107751,-1.1153428749250809,0.8684147552879055,0.9751387777485206,False,0,0.0
GENE4479,-0.5183250864083129,0.2774615681054073,-1.5638263364878326,0.5271761636712069,0.8220735512183328,False,0,0.0
GENE4480,-0.7282765426090494,0.05229288905834734,-1.4660874038117462,0.009534318593647395,0.39893164184729357,False,0,0.0
GENE4481,0.08632683678226627,0.7414790973368983,-0.495333934424651,0.6679876079891836,0.9691735388751649,False,0,0.0
GENE4482,0.1963157271131477,0.7337415076379111,-1.0564106743595343,1.4490421285858297,0.9691735388751649,False,0,0.0
GENE4483,0.5022832137940947,0.06009317046678145,-0.029318481411492625,1.033884908999682,0.43157822426143044,False,0,0.0
GENE4484,-0.581790260058832,0.10178950379029396,-1.3111157349638312,0.14753521484616705,0.5578513725104948,False,0,0.0
GENE4485,0.3705288934876325,0.22124864062522556,-0.2637181915378546,1.0047759785131196,0.7796421256887536,False,0,0.0
GENE4486,-0.4126352848906025,0.29116856582485334,-1.2379402279069214,0.4126696581257163,0.829139547808847,False,0,0.0
GENE4487,-0.9093304329270122,0.004772904118639091,-1.4497313386053161,-0.3689295272487083,0.06558551775822001,False,0,0.0
GENE4488,0.9064865647327085,0.08618281702621823,-0.16661684703146395,1.979589976496881,0.517358856008453,False,0,0.0
GENE4489,-0.2441853027364469,0.4425070361990652,-0.9304195943614136,0.44204898888851984,0.9058232809947696,False,0,0.0
GENE4490,0.3538747799070485,0.46509617858929353,-0.6915677313659749,1.399317291180072,0.9072637960246164,False,0,0.0
GENE4491,-0.20432536931708256,0.41560075032846633,-0.7455771630312364,0.3369264243970713,0.8941301545737701,False,0,0.0
GENE4492,-0.1895430835415235,0.5824047287033439,-0.9339111653189802,0.5548249982359332,0.9294936563216196,False,0,0.0
GENE4493,0.4182849324419635,0.28152894308170734,-0.4603662606838188,1.2969361255677458,0.8248301268542327,False,0,0.0
GENE4494,-0.11862879137513005,0.6952722961673652,-0.8086693423154163,0.5714117595651562,0.9589125593090406,False,0,0.0
GENE4495,-0.15022890711536618,0.46793971864785455,-0.5956455771473128,0.29518776291658044,0.9072637960246164,False,0,0.0
GENE4496,-0.29409289392525473,0.1917626809142937,-0.7772690802768043,0.1890832924262948,0.7448909403804614,False,0,0.0
GENE4497,-0.29540662619738933,0.5908063286719931,-1.4811730562771446,0.8903598038823659,0.929563511803904,False,0,0.0
GENE4498,-0.05362546171155813,0.8775069099032589,-0.862933823456736,0.7556829000336197,0.9828540667920449,False,0,0.0
GENE4499,-0.1954930718859753,0.5773402739180283,-0.9817636769737903,0.5907775332018397,0.9294936563216196,False,0,0.0
GENE4500,-0.06856525429104021,0.8807670317107592,-1.0617212722128166,0.9245907636307361,0.9828540667920449,False,0,0.0
GENE4501,-0.7021218438545809,0.25128065116610954,-2.0437707160421947,0.6395270283330328,0.8076268362737592,False,0,0.0
GENE4502,-0.693629406318717,0.07815222831417015,-1.4815068526504354,0.09424804001300147,0.4931330700335018,False,0,0.0
GENE4503,-1.537952791934309,0.004155283160359043,-2.4656916776219173,-0.6102139062467008,0.05904089382524539,False,1,-1.44
GENE4504,-0.307645900842767,0.4591549202829427,-1.2063095767002947,0.5910177750147606,0.9072637960246164,False,0,0.0
GENE4505,-0.061101847691163336,0.8809836432788576,-0.9474756447025203,0.8252719493201937,0.9828540667920449,False,0,0.0
GENE4506,-0.058266686215712404,0.9059692517088368,-1.1361218801152866,1.0195885076838618,0.9874664857201725,False,0,0.0
GENE4507,-0.6651876786086461,0.041248758469009265,-1.2976038428837549,-0.03277151433353753,0.348146572548262,False,0,0.0
GENE4508,1.9722369299537297,0.00022167900048364407,1.2256342821581467,2.7188395777493124,0.0057607371836210135,True,1,1.863
GENE4509,-0.6047831685533893,0.024706208114392492,-1.1149507948403923,-0.09461554226638635,0.24519980415037776,False,0,0.0
GENE4510,1.5879484774562487,0.0005334742674102877,0.9203625795483814,2.2555343753641157,0.012110479059026647,True,1,1.216
GENE4511,0.3481175979188533,0.5006910817400063,-0.7703071063177864,1.466542302155493,0.9170564455607898,False,0,0.0
GENE4512,0.570568946796953,0.2129793468470565,-0.3989495244169562,1.5400874180108621,0.7747185058822967,False,0,0.0
GENE4513,0.3982648445410222,0.48727941403700725,-0.9008456953227884,1.6973753844048327,0.9135954938974477,False,0,0.0
GENE4514,0.08246099711280852,0.7408007086978843,-0.4624205053839935,0.6273424996096105,0.9691735388751649,False,0,0.0
GENE4515,-0.05563532735624577,0.8695306319676889,-0.7915582757205681,0.6802876210080766,0.9813274275063918,False,0,0.0
GENE4516,-0.3355354730801752,0.4897227189905311,-1.392358905736107,0.7212879595757566,0.9135954938974477,False,0,0.0
GENE4517,-0.39424399376337504,0.3104896851007754,-1.2265602980452446,0.4380723105184946,0.8458167283779744,False,0,0.0
GENE4518,-0.860059929293691,0.06056275382897603,-1.7663972881593892,0.04627742957200731,0.4318102484195945,False,0,0.0
GENE4519,-0.5962893713125261,0.049165547457579596,-1.1899306563711813,-0.0026480862538710292,0.3899676956976695,False,0,0.0
GENE4520,0.305719730254717,0.18781557829298032,-0.18539018844614835,0.7968296489555824,0.7404129108634404,False,0,0.0
GENE4521,0.042633158524545856,0.8444547130105294,-0.4582829630440879,0.5435492800931796,0.9803012537877377,False,0,0.0
GENE4522,0.26377472692039206,0.5731495849490202,-0.7998798121105657,1.3274292659513498,0.9294936563216196,False,0,0.0
GENE4523,3.3000628075761824,3.7567882218649515e-05,2.4978205169144774,4.1023050982378875,0.0018096723751666534,True,0,0.0
GENE4524,-0.08480315442294106,0.7949540677189673,-0.7929264922437118,0.6233201833978297,0.9785159713207616,False,0,0.0
GENE4525,-0.10285722598408231,0.8281751886623537,-1.1422589549803177,0.9365445030121531,0.9803012537877377,False,0,0.0
GENE4526,-0.866814214994311,0.02853397869747107,-1.6220082025572227,-0.11162022743139943,0.2709356150360835,False,1,-1.221
GENE4527,0.0883567785478887,0.7723513140414737,-0.5790754978695167,0.7557890549652941,0.9751387777485206,False,0,0.0
GENE4528,2.852696935228858,0.00028405024979371733,1.7015548896177868,4.003838980839928,0.006833051616912931,True,1,2.853
GENE4529,0.19455893346754394,0.6293021320046894,-0.704120911899522,1.0932387788346098,0.9369670967915277,False,0,0.0
GENE4530,-1.0388589838056215,0.12425972231459165,-2.4378222792014625,0.3601043115902196,0.6150700540634548,False,0,0.0
GENE4531,-0.395531086340946,0.21969732984429804,-1.068665690165251,0.27760351748335876,0.7796421256887536,False,0,0.0
GENE4532,0.6558681179997663,0.2809869807687964,-0.7087755479776854,2.020511783977218,0.8245903224641499,False,0,0.0
GENE4533,0.25565598182700455,0.49709163452240257,-0.6059543963295622,1.1172663599835713,0.9170564455607898,False,0,0.0
GENE4534,1.0847472681061916,0.004541221037868549,0.4240105178568967,1.7454840183554865,0.06360930177156301,False,1,0.838
GENE4535,-2.2972092013283363,3.660814222783265e-05,-3.027029535953887,-1.5673888667027858,0.0018075270224992372,True,1,-2.637
GENE4536,-0.7532962097256117,0.03854288467256678,-1.4552201522139652,-0.05137226723725841,0.33682388154123627,False,0,0.0
GENE4537,0.17793280645788823,0.6306895295684072,-0.6793528189322074,1.035218431847984,0.9369670967915277,False,0,0.0
GENE4538,-0.33627923526487,0.5207635787601556,-1.4623337093714635,0.7897752388417234,0.9170564455607898,False,0,0.0
GENE4539,0.5812969103847796,0.04363913974558089,0.02097570793589898,1.1416181128336602,0.3581518180480568,False,0,0.0
GENE4540,-0.28063310673201514,0.5199861410735942,-1.2477517508983866,0.6864855374343563,0.9170564455607898,False,0,0.0
GENE4541,-0.09019419329829637,0.8747680149308275,-1.3492587096105748,1.168870323013982,0.9828540667920449,False,0,0.0
GENE4542,0.7076425958686752,0.06888055133612994,-0.06954416759460158,1.484829359331952,0.46522639277810274,False,0,0.0
GENE4543,0.08901436864462653,0.8213791947182844,-0.767048857739294,0.945077595028547,0.9803012537877377,False,0,0.0
GENE4544,-0.09015081904396016,0.8030371937376666,-0.8765479867734562,0.6962463486855359,0.9801179834252379,False,0,0.0
GENE4545,0.4103004177734948,0.24204348830854236,-0.3380277277945075,1.1586285633414972,0.7934532671424102,False,0,0.0
GENE4546,2.9213200414639866,4.997609605231733e-05,1.989707635823112,3.852932447104861,0.0021457128196375377,True,0,0.0
GENE4547,-0.47822647798416895,0.3220177493926334,-1.5242706136698971,0.5678176577015592,0.8592350499842759,False,0,0.0
GENE4548,0.09712460671301404,0.8098070790174264,-0.7844604038765579,0.978709617302586,0.9801179834252379,False,0,0.0
GENE4549,0.2803330248122,0.3703488838807945,-0.40209004874302134,0.9627560983674214,0.8827113054163502,False,0,0.0
GENE4550,-0.29510578334850734,0.5877639831148235,-1.5273793989312539,0.9371678322342392,0.929563511803904,False,0,0.0
GENE4551,-1.2021039353866927,0.0005639615304109645,-1.69951325950306,-0.7046946112703253,0.012552719096873685,True,0,0.0
GENE4552,0.3966360672940814,0.22547191725136267,-0.299523811585343,1.092795946173506,0.7826134210394398,False,0,0.0
GENE4553,-0.6823209761245774,0.18320245296026588,-1.7893326231225337,0.42469067087337886,0.7369141437811102,False,0,0.0
GENE4554,-0.41753499423258233,0.4070579070422107,-1.5080732449989245,0.6730032565337598,0.89227454651317,False,0,0.0
GENE4555,-0.6250555530160078,0.08035813157802109,-1.3491354203110582,0.09902431427904257,0.49751507795169797,False,0,0.0
GENE4556,-0.15238994487227053,0.5359589049294606,-0.684586060781225,0.3798061710366839,0.9170564455607898,False,0,0.0
GENE4557,-0.33711727075437636,0.504221047421378,-1.4482973205700476,0.7740627790612948,0.9170564455607898,False,0,0.0
GENE4558,0.29144045649718464,0.5808843908492404,-0.8639913461254871,1.4468722591198564,0.9294936563216196,False,0,0.0
GENE4559,-0.17127008585298586,0.5791482313529792,-0.8422001293107549,0.4996599576047832,0.9294936563216196,False,0,0.0
GENE4560,0.09118423792800456,0.7797579731668889,-0.6167123418364789,0.7990808176924881,0.9751387777485206,False,0,0.0
GENE4561,2.617546618614149,4.492713640900667e-06,2.026083159241529,3.209010077986769,0.0007215322094512558,True,1,2.598
GENE4562,-0.2637663232797891,0.4479054906788378,-1.0225026126448749,0.49496996608529664,0.9058232809947696,False,0,0.0
GENE4563,-0.012637100327694384,0.9675438768377652,-0.689519665231835,0.6642454645764463,0.9984045558053897,False,0,0.0
GENE4564,-0.39387375022174886,0.37640767896961025,-1.3513049124095668,0.5635574119660691,0.8827113054163502,False,0,0.0
GENE4565,-0.13287143870535711,0.6279185436536705,-0.7292173139635515,0.46347443655283727,0.9369670967915277,False,0,0.0
GENE4566,-0.295333634616056,0.4832805041211403,-1.206446862457121,0.6157795932250089,0.9135954938974477,False,0,0.0
GENE4567,0.5355125065636983,0.08774686062576766,-0.09579958920553633,1.166824602332933,0.5204205697774509,False,0,0.0
GENE4568,0.28879096751484834,0.4374205343419304,-0.507088903913794,1.0846708389434907,0.9055806785604976,False,0,0.0
GENE4569,-0.6107213367512672,0.037041391692786155,-1.1758356913734231,-0.045606982129111184,0.3270281162543444,False,0,0.0
GENE4570,0.18434066669233218,0.6774028457931413,-0.7881785836964789,1.1568599170811433,0.9492626214122201,False,0,0.0
GENE4571,0.5156714647746732,0.31976900152340393,-0.6007205472719024,1.6320634768212487,0.8557503767055863,False,0,0.0
GENE4572,0.21681865311762127,0.6501527008135316,-0.8652861221647938,1.2989234284000364,0.9416048049726631,False,0,0.0
GENE4574,-2.1168187694837615,0.0016546415450204796,-3.1239408848719927,-1.10969665409553,0.028261530860623076,True,1,-2.414
GENE4575,0.5853554350977541,0.1406081335658925,-0.2441001450843846,1.4148110152798927,0.6596224793174291,False,0,0.0
GENE4576,0.5977156582590961,0.2859460729783966,-0.6086532391295592,1.8040845556477514,0.8248301268542327,False,0,0.0
GENE4577,-0.40439873695579154,0.27040514966370394,-1.1924523057171896,0.38365483180560656,0.818170487522472,False,0,0.0
GENE4578,0.005878343656277707,0.9908699459658878,-1.1168029924406426,1.128559679753198,0.9984045558053897,False,0,0.0
GENE4579,-1.2913259212777382,0.049986033909005294,-2.582549582440101,-0.00010226011537528557,0.3917556228979581,False,0,0.0
GENE4580,0.29374988914446476,0.22764099855470102,-0.21807294448972414,0.8055727227786537,0.7840576784989529,False,0,0.0
GENE4581,-0.3269545441394346,0.3865290717543848,-1.1341805397777653,0.48027145149889605,0.8827113054163502,False,0,0.0
GENE4582,-1.387025744876225,0.005065568848948409,-2.2508845617450657,-0.5231669280073843,0.0685239621689939,False,1,-1.476
GENE4583,0.42066570860298214,0.08834011222174085,-0.08262264776130535,0.9239540649672696,0.5223704240656831,False,0,0.0
GENE4584,1.4564793874001527,0.00185508712617702,0.6837716757500816,2.2291870990502236,0.030279314662806735,True,1,1.936
GENE4585,-0.18186113574892482,0.5309671010197665,-0.8070010442413523,0.4432787727435027,0.9170564455607898,False,0,0.0
GENE4586,0.3386978572498833,0.14372264538488516,-0.14856868661631295,0.8259644011160796,0.6639154874828452,False,0,0.0
GENE4587,2.761022552875315,0.00028716115655887255,1.6918687864629052,3.830176319287725,0.006833051616912931,True,1,2.416
GENE4588,0.19761147369906595,0.4050144368095645,-0.31202585898484503,0.7072488063829769,0.8915392620141253,False,0,0.0
GENE4589,0.3880385665328312,0.21405625140198034,-0.2642792627260384,1.0403563957917008,0.7747185058822967,False,0,0.0
GENE4590,-0.0171847662919129,0.9549135884721344,-0.6868570608784361,0.6524875282946103,0.9981153546799778,False,0,0.0
GENE4591,0.08773857338067259,0.7772212871409688,-0.5995259884424851,0.7750031352038302,0.9751387777485206,False,0,0.0
GENE4592,0.3251404764478494,0.3071830385430284,-0.34879688653839713,0.9990778394340959,0.8452379407343185,False,0,0.0
GENE4593,-0.08924139600825942,0.8401358050131273,-1.1261072302885569,0.947624438272038,0.9803012537877377,False,0,0.0
GENE4594,-0.3282045517584633,0.49087718709353234,-1.3524816032366012,0.6960724997196746,0.9137440570308447,False,0,0.0
GENE4595,0.3272616694657935,0.2539589833150568,-0.277374858981532,0.931898197913119,0.8102891632427095,False,0,0.0
GENE4596,0.3488399294206985,0.4650221475676791,-0.713492312514743,1.41117217135614,0.9072637960246164,False,0,0.0
GENE4597,-0.5889510426356988,0.3158767636444647,-1.855214214782011,0.6773121295106135,0.852263125953303,False,0,0.0
GENE4598,0.6375521838879639,0.13338422350486845,-0.23547894898701283,1.5105833167629406,0.6394025277235805,False,0,0.0
GENE4600,0.06264762923468048,0.8476639232096919,-0.6921816185892388,0.8174768770585997,0.9803012537877377,False,0,0.0
GENE4601,-0.1624784334070739,0.6998512214907316,-1.111267979393091,0.7863111125789433,0.9638815637686157,False,0,0.0
GENE4602,-0.5148346412240965,0.20734027680583014,-1.3787462298720872,0.3490769474238943,0.7690728719108165,False,0,0.0
GENE4603,0.006904994761386618,0.987652128594876,-1.0042918005843773,1.0181017901071505,0.9984045558053897,False,0,0.0
GENE4604,0.4355576809603705,0.26734131112609855,-0.39118191392462687,1.2622972758453679,0.8144867268506248,False,0,0.0
GENE4605,-0.515192647005339,0.15763576058186857,-1.2677991445813857,0.23741385057070785,0.6891274203154324,False,0,0.0
GENE4606,-0.0931362320156941,0.8033976987681866,-0.9059687499940594,0.7196962859626712,0.9801179834252379,False,0,0.0
GENE4607,-1.1470665307041212,0.1046712439746158,-2.623835779682193,0.3297027182739505,0.5674341143162249,False,0,0.0
GENE4608,0.3595734680231413,0.4603461787373724,-0.6914171388594386,1.410564074905721,0.9072637960246164,False,0,0.0
GENE4609,-0.04656066096091749,0.9158778548580183,-1.025052661051225,0.9319313391293901,0.9890016312598906,False,0,0.0
GENE4610,0.16764128965255765,0.54364414664526,-0.43388335025324265,0.7691659295583579,0.9171262352210127,False,0,0.0
GENE4611,0.7519044577397862,0.0062765440016560115,0.26888566885734266,1.2349232466222297,0.08209387022033525,False,0,0.0
GENE4612,0.4234488486671415,0.2791576195921486,-0.40108877510256735,1.2479864724368503,0.8241200279439364,False,0,0.0
GENE4613,0.3977226811931285,0.3772617533636131,-0.564472437510559,1.359917799896816,0.8827113054163502,False,0,0.0
GENE4614,-0.2022051046726201,0.6172412812544661,-1.0816505467658326,0.6772403374205924,0.9369670967915277,False,0,0.0
GENE4615,-0.6705765498088798,0.05458030539542848,-1.3575096477280764,0.016356548110316615,0.40823794823156806,False,0,0.0
GENE4616,0.3462842646173512,0.47360463864553426,-0.7218699869036045,1.4144385161383068,0.910778151241412,False,0,0.0
GENE4617,-0.6019363264277517,0.023385048975012694,-1.103118326983779,-0.10075432587172461,0.23564016186556158,False,0,0.0
GENE4618,0.14041402497372601,0.587853506436685,-0.4187541406992026,0.6995821906466546,0.929563511803904,False,0,0.0
GENE4619,0.15301800350954586,0.7115937783472123,-0.7433078165185081,1.0493438235375998,0.9685718209757025,False,0,0.0
GENE4620,-0.011624972977987369,0.9790594073309982,-0.9741128841935425,0.9508629382375677,0.9984045558053897,False,0,0.0
GENE4621,0.056201901097289175,0.8584735313870502,-0.6701725609938729,0.7825763631884513,0.9803012537877377,False,0,0.0
GENE4622,-0.12646418108591995,0.7750024134509838,-1.0869424050269108,0.8340140428550707,0.9751387777485206,False,0,0.0
GENE4623,0.5566267622265304,0.3123539319564579,-0.6137708351888593,1.7270243596419201,0.8489686361096452,False,0,0.0
GENE4624,2.5739636539651185,9.32025293165592e-06,2.0099684420395496,3.1379588658906874,0.0010037038333146797,True,1,2.781
GENE4625,-0.04202650128974117,0.8974488846277029,-0.750628585113609,0.6665755825341266,0.9850860719190077,False,0,0.0
GENE4626,-3.063039327176771,1.665980868667794e-06,-3.6975383972529,-2.4285402571006416,0.00047004460223127047,True,1,-2.864
GENE4627,0.14728732706169634,0.6362206400375727,-0.529357060315491,0.8239317144388837,0.9395669826268277,False,0,0.0
GENE4628,-0.23540757966447057,0.6201969035116837,-1.3489509868084473,0.8781358274795061,0.9369670967915277,False,0,0.0
GENE4629,0.012614191798412833,0.9627790177920171,-0.5770825478765451,0.6023109314733708,0.9984045558053897,False,0,0.0
GENE4630,1.8958355290435684,0.0022467681012665612,0.9119088975538574,2.8797621605332795,0.03521719841270998,True,1,2.172
GENE4631,0.22189168177275498,0.523659651503138,-0.5433087074907129,0.9870920710362229,0.9170564455607898,False,0,0.0
GENE4632,0.0904660393693737,0.7162241224654637,-0.4493169107069903,0.6302489894457377,0.9688648231981444,False,0,0.0
GENE4633,-0.2153804260335681,0.634475781452221,-1.2084325696171005,0.7776717175499643,0.9395669826268277,False,0,0.0
GENE4634,0.08633266747797208,0.8593461814186713,-1.0006337230612563,1.1732990580172005,0.9803012537877377,False,0,0.0
GENE4635,1.8974576206392895,0.003015974891017252,0.9098272103865263,2.8850880308920526,0.04581961853660825,True,1,2.132
GENE4636,-0.21189433804848967,0.5603457560497196,-1.0099651523570858,0.5861764762601066,0.9235527230959638,False,0,0.0
GENE4637,0.666466899093012,0.22696907429391386,-0.5265832269749824,1.8595170251610065,0.7836781848434963,False,0,0.0
GENE4638,-0.38460389808573936,0.10135730064624891,-0.8608630120101819,0.09165521583870317,0.557606319711258,False,0,0.0
GENE4639,0.0772577672967838,0.844176291564658,-0.7804403000678133,0.9349558346613809,0.9803012537877377,False,0,0.0
GENE4640,-0.1130736129632326,0.7656992126925433,-0.967297107779332,0.7411498818528668,0.9751387777485206,False,0,0.0
GENE4641,-0.010702556835890498,0.9845396870615137,-1.21597806609491,1.194572952423129,0.9984045558053897,False,0,0.0
GENE4642,-0.6091678159843177,0.06263061187615183,-1.2571639266318315,0.03882829466319626,0.44019736105124513,False,0,0.0
GENE4643,-0.2573694893289886,0.5192535927948227,-1.1209505524495542,0.6062115737915769,0.9170564455607898,False,0,0.0
GENE4644,0.4610910165869875,0.04216628855746748,0.020745430002076293,0.9014366031718987,0.3528746605974503,False,0,0.0
GENE4645,0.38888848546209687,0.19685552125299322,-0.2562329230093595,1.0340098939335531,0.7505591785225127,False,0,0.0
GENE4646,-0.6112655305028412,0.12770099864444628,-1.446145328979295,0.2236142679736126,0.625829956135934,False,0,0.0
GENE4647,-0.2336876735181086,0.6456367585835912,-1.3342342761574648,0.8668589291212476,0.9398644329115077,False,0,0.0
GENE4648,-0.13897525779781628,0.6807498132365399,-0.8960776554124856,0.6181271398168531,0.9492626214122201,False,0,0.0
GENE4649,-0.6468495125384308,0.06369512271847041,-1.3387672415691376,0.04506821649227599,0.4425013673530598,False,0,0.0
GENE4650,0.7104970923977827,0.08774176413072124,-0.13938400924943484,1.560378194045,0.5204205697774509,False,0,0.0
GENE4651,0.1846105100730142,0.5413442416048945,-0.5165823204342628,0.8858033405802912,0.9170564455607898,False,0,0.0
GENE4652,1.0977156443198641,0.05033930175452373,-0.0020464424747101972,2.1974777311144384,0.3929649050007287,False,1,1.639
GENE4653,-0.04912454998233784,0.8321275841020875,-0.552216038814677,0.4539669388500013,0.9803012537877377,False,0,0.0
GENE4654,0.7267710912923446,0.020470115676159265,0.1395050234449875,1.3140371591397018,0.2127814655811292,False,0,0.0
GENE4655,0.1837889817381404,0.6524711152661281,-0.6985759489827784,1.0661539124590593,0.9416048049726631,False,0,0.0
GENE4656,-0.44855426845218727,0.3455463290039083,-1.478569165000898,0.5814606280965235,0.87158876089747,False,0,0.0
GENE4657,-0.15788277778862536,0.7552699843796606,-1.2662151466061153,0.9504495910288646,0.9723977960559517,False,0,0.0
GENE4658,-0.29740716741233886,0.21610256426880545,-0.8121428600049494,0.21732852518027168,0.778836796406735,False,0,0.0
GENE4659,-0.2935375095725501,0.4145908856857714,-1.0620423639089926,0.47496734476389235,0.8941301545737701,False,0,0.0
GENE4660,-0.21773732429749337,0.24586064543028546,-0.6114882392878538,0.1760135906928671,0.7973313213872147,False,0,0.0
GENE4661,0.07604108118607744,0.8463320071337276,-0.8052031880969736,0.9572853504691284,0.9803012537877377,False,0,0.0
GENE4662,0.23053839202808235,0.6640871125090393,-0.9181570408016544,1.379233824857819,0.9446905843310412,False,0,0.0
GENE4663,-0.2891915235336455,0.5043790486997751,-1.2199270970480671,0.6415440499807762,0.9170564455607898,False,0,0.0
GENE4664,-0.15463928105844538,0.6598090562978821,-0.9331249388577891,0.6238463767408984,0.9436081724752478,False,0,0.0
GENE4665,1.4716498206770714,0.006053698239590337,0.5858642996146297,2.357435341739513,0.07970702682127277,False,1,1.466
GENE4666,-0.15368834710915946,0.7449228943838091,-1.2012379050711945,0.8938612108528756,0.9692418112874588,False,0,0.0
GENE4667,0.19620156584539572,0.5600812116808818,-0.5423635044771937,0.9347666361679852,0.9235527230959638,False,0,0.0
GENE4668,0.44016607936967533,0.3984609078513951,-0.6762930099251303,1.556625168664481,0.8915392620141253,False,0,0.0
GENE4669,-0.2715265681959287,0.48867019554354474,-1.1147378101611483,0.5716846737692909,0.9135954938974477,False,0,0.0
GENE4670,-0.381381318721006,0.45435644895670735,-1.4780022625823803,0.7152396251403683,0.9072637960246164,False,0,0.0
GENE4671,-0.37600970384690413,0.25148886294094275,-1.0644378397588505,0.3124184320650423,0.8076268362737592,False,0,0.0
GENE4672,0.27928651770297463,0.5286826294259754,-0.7216317109804402,1.2802047463863895,0.9170564455607898,False,0,0.0
GENE4673,0.08102008231143354,0.884799691444111,-1.133685995198246,1.2957261598211132,0.9828540667920449,False,0,0.0
GENE4674,0.5072514213616195,0.16552230044478694,-0.26719659584371214,1.2816994385669511,0.7057528797020367,False,0,0.0
GENE4675,0.33021095689442603,0.5372667864596388,-0.9351112130772741,1.5955331268661261,0.9170564455607898,False,0,0.0
GENE4676,0.171905734365021,0.7018687300853341,-0.8021866502578546,1.1459981189878965,0.9652696057174206,False,0,0.0
GENE4677,-0.18974487139396423,0.5951688252934482,-0.9788543099212292,0.5993645671333008,0.929563511803904,False,0,0.0
GENE4678,-0.6882453102849038,0.08029815672697732,-1.476448803459967,0.09995818289015956,0.49751507795169797,False,0,0.0
GENE4679,-0.03261044136855329,0.920127354402141,-0.7652234107853506,0.700002528048244,0.9890016312598906,False,0,0.0
GENE4680,-0.3128802491394955,0.36746891983846475,-1.0545561088467497,0.4287956105677586,0.8827113054163502,False,0,0.0
GENE4681,0.4421593971522526,0.2629469447751111,-0.3989819785595201,1.2833007728640253,0.8130488330862804,False,0,0.0
GENE4682,-0.01867052535034386,0.9534928301453014,-0.7303044702173326,0.6929634195166449,0.9981153546799778,False,0,0.0
GENE4683,1.2126306399892555,0.0973373658328384,-0.2646880718729143,2.6899493518514253,0.5454971506996266,False,0,0.0
GENE4684,-0.005174102399184921,0.9941974259219554,-1.6294268736859048,1.619078668887535,0.9984045558053897,False,0,0.0
GENE4685,0.05349020429957907,0.8259187660443785,-0.47502389576385373,0.5820043043630119,0.9803012537877377,False,0,0.0
GENE4686,-0.2517261653801812,0.4857810579481371,-1.0288207689256974,0.525368438165335,0.9135954938974477,False,0,0.0
GENE4687,-0.42701991736845235,0.4526712330577888,-1.729103374252698,0.8750635395157933,0.9072637960246164,False,0,0.0
GENE4688,0.3832261546793907,0.5410863387007852,-0.9766312223028029,1.7430835316615843,0.9170564455607898,False,0,0.0
GENE4689,3.3752463373454598,7.246922196376652e-07,2.7400145709168013,4.010478103774118,0.00039014186419343355,True,0,0.0
GENE4690,-0.4024511938800628,0.2667035084766056,-1.1648142150065275,0.3599118272464019,0.8144867268506248,False,0,0.0
GENE4691,0.5955105272844969,0.08898708235974513,-0.10969532370752888,1.3007163782765228,0.52462533629999,False,0,0.0
GENE4692,0.20110010473970696,0.30921875725952086,-0.21726670527012,0.619466914749534,0.8452379407343185,False,0,0.0
GENE4693,-0.28457289909504,0.41056294149357175,-1.0282463918453515,0.45910059365527156,0.8935502416230686,False,0,0.0
GENE4694,2.565943539079038,8.074684150847993e-05,1.6696222154970073,3.462264862661069,0.0027495691720559974,True,1,2.372
GENE4695,-0.5711679762744488,0.1846975852184485,-1.4884023233637513,0.3460663708148537,0.7370664280257528,False,0,0.0
GENE4696,-0.10570196120869113,0.7748173538118035,-0.9070708721071656,0.6956669496897834,0.9751387777485206,False,0,0.0
GENE4697,-0.6793167819407078,0.04640995968708148,-1.3454683701852526,-0.01316519369616298,0.3741211035999426,False,0,0.0
GENE4698,-0.3213179924279128,0.19415581436006457,-0.8361854504871411,0.19354946563131548,0.7459075961570644,False,0,0.0
GENE4699,0.09861339894275822,0.8066489319612049,-0.7860089151968722,0.9832357130823887,0.9801179834252379,False,0,0.0
GENE4700,-0.4676054318500178,0.2944405282446261,-1.4163208598795232,0.4811099961794876,0.8319046091114812,False,0,0.0
GENE4701,-0.5949842413449016,0.13261587565674732,-1.4136314902679814,0.22366300757817814,0.6388203766392097,False,0,0.0
GENE4702,0.38819537693504724,0.2522794707057484,-0.34938912123969557,1.12577987510979,0.8088505757205408,False,0,0.0
GENE4703,-0.6588980311061183,0.02595051211831463,-1.2169567314972791,-0.10083933071495754,0.25372406650332374,False,0,0.0
GENE4704,-0.1670971792451752,0.6236648386680215,-0.9211149214236004,0.58692056293325,0.9369670967915277,False,0,0.0
GENE4705,-0.32384512607904625,0.3378700301130385,-1.0508377185870725,0.40314746642898014,0.8632513705992898,False,0,0.0
GENE4706,-0.30290323744102743,0.2139977727899157,-0.8147160407099363,0.20890956582788145,0.7747185058822967,False,0,0.0
GENE4707,-0.6051045639572195,0.07417202506981817,-1.2838844029526544,0.07367527503821558,0.4867394802392374,False,0,0.0
GENE4708,0.3413173135048,0.5823660485900182,-1.010119683787365,1.692754310796965,0.9294936563216196,False,0,0.0
GENE4709,1.9995019185747491,1.8489430399447817e-05,1.436568250820122,2.562435586329376,0.0012830318546150298,True,1,2.221
GENE4710,0.5565080081538518,0.0934661960003049,-0.11246576098334571,1.2254817772910493,0.5332627027098573,False,0,0.0
GENE4711,-0.1739454505320599,0.7176704222583996,-1.2344020880477131,0.8865111869835933,0.9691735388751649,False,0,0.0
GENE4712,-0.1720372059309403,0.6778858072103382,-1.0742668908940098,0.7301924790321292,0.9492626214122201,False,0,0.0
GENE4713,-0.24439937882106122,0.3341713198406411,-0.7834267230324147,0.29462796539029223,0.8632513705992898,False,0,0.0
GENE4714,-0.07306557485713983,0.8641377062819307,-1.0003700948042393,0.8542389450899597,0.9803012537877377,False,0,0.0
GENE4715,-0.028303508237128128,0.9530829755940775,-1.153855038053053,1.0972480215787968,0.9981153546799778,False,0,0.0
GENE4716,-0.8111339608417945,0.10078702906810205,-1.8286193768535541,0.20635145516996523,0.5564564125583408,False,0,0.0
GENE4717,-0.0009884322367410547,0.9969181784919979,-0.5602863704182102,0.5583095059447281,0.9984045558053897,False,0,0.0
GENE4718,-0.4628220423934337,0.1702877364757357,-1.1617429136337272,0.23609882884685962,0.7102078164677406,False,0,0.0
GENE4719,0.2945946424275325,0.36960349984397034,-0.413409256890909,1.0025985417459742,0.8827113054163502,False,0,0.0
GENE4720,0.4908232885588255,0.3301786033198483,-0.601826548589478,1.583473125707129,0.8609157948871305,False,0,0.0
GENE4721,0.5986284939462303,0.08350997495785667,-0.10775542188445109,1.3050124097769116,0.5063951102963431,False,0,0.0
GENE4722,0.056282126031001134,0.8800622395425113,-0.760306160341949,0.8728704124039512,0.9828540667920449,False,0,0.0
GENE4723,0.5424891326481949,0.11638379958942761,-0.1778816188460245,1.2628598841424141,0.5992796435134445,False,0,0.0
GENE4724,0.08604559184725913,0.8090466461019304,-0.6868171487245359,0.8589083324190542,0.9801179834252379,False,0,0.0
GENE4725,0.010102878117791647,0.972295486412718,-0.6475587296947508,0.6677644859303341,0.9984045558053897,False,0,0.0
GENE4726,-0.9167281170586303,0.01892905561603689,-1.647220356999396,-0.1862358771178647,0.19991917027632541,False,1,-1.181
GENE4727,0.38053205415137215,0.5782693852790436,-1.142008158036305,1.9030722663390494,0.9294936563216196,False,0,0.0
GENE4728,-0.19961187003499337,0.5232184613488937,-0.8719540043727466,0.4727302643027599,0.9170564455607898,False,0,0.0
GENE4729,0.5132029420248791,0.12122456555207681,-0.1623231362610068,1.188729020310765,0.6148187695701444,False,0,0.0
GENE4730,-0.3438656888030085,0.3258567354117583,-1.1282785471752461,0.4405471695692291,0.8592350499842759,False,0,0.0
GENE4731,0.03562134339368139,0.9201497250873742,-0.74248887781409,0.8137315646014528,0.9890016312598906,False,0,0.0
GENE4732,-0.3760745988594403,0.31580544298284663,-1.1699576680107848,0.41780847029190427,0.852263125953303,False,0,0.0
GENE4733,1.5508468358334713,0.0008467100602809484,0.8478577532101763,2.2538359184567662,0.0170637996842334,True,1,1.615
GENE4734,0.17278760229515733,0.5834332371724331,-0.5181046544519645,0.8636798590422792,0.929563511803904,False,0,0.0
GENE4735,-0.6443851888100642,0.04012519387048649,-1.253003519202211,-0.03576685841791727,0.34306172248576117,False,0,0.0
GENE4736,0.5684344865674031,0.23229340069055895,-0.4283298673099811,1.5651988404447874,0.7893288060815501,False,0,0.0
GENE4737,-1.0174409526825468,0.032973171676466066,-1.9340101802432823,-0.10087172512181108,0.30430847692065643,False,0,0.0
GENE4738,-0.31935912050747106,0.4923579385275144,-1.3341511805441628,0.6954329395292207,0.9147760381861157,False,0,0.0
GENE4739,-0.8297374113486278,0.12203718383803544,-1.9425671259979256,0.28309230330067003,0.6148187695701444,False,0,0.0
GENE4740,0.2065141854779391,0.5129792200749361,-0.4719958520366667,0.8850242229925449,0.9170564455607898,False,0,0.0
GENE4741,-1.0661682843312268,0.02210283352084445,-1.9428772685660372,-0.18945930009641632,0.22501595981272057,False,0,0.0
GENE4742,2.237741006979201,4.535486482869525e-05,1.5200654032450094,2.9554166107133923,0.0020547281581003887,True,1,2.272
GENE4743,-0.40279738580222535,0.22257523562546885,-1.0931638213416282,0.28756904973717734,0.7821816554453754,False,0,0.0
GENE4744,0.4409545184139798,0.23764716060417299,-0.3451912941413572,1.227100330969317,0.7920410437611398,False,0,0.0
GENE4745,0.46571818440649615,0.295973987119942,-0.5088121565307654,1.4402485253437578,0.8319046091114812,False,0,0.0
GENE4746,-0.0542266233904698,0.8322793029794017,-0.611587174098453,0.5031339273175134,0.9803012537877377,False,0,0.0
GENE4747,-0.1978414692784387,0.6429549755940671,-1.120923479830412,0.7252405412735345,0.9395669826268277,False,0,0.0
GENE4748,-0.6554180971299581,0.26237348102058355,-1.9088261613648834,0.5979899671049671,0.8130488330862804,False,0,0.0
GENE4749,-0.8107860812653662,0.07277691834252271,-1.7140687941356687,0.09249663160493626,0.4823302474043032,False,0,0.0
GENE4750,-0.16443045620012064,0.4591067028595772,-0.6415349668424926,0.3126740544422512,0.9072637960246164,False,0,0.0
GENE4751,-0.011597392816918628,0.9803415040140278,-1.0680112239212165,1.0448164382873792,0.9984045558053897,False,0,0.0
GENE4752,0.13928514944167603,0.7752496972497092,-0.9274981073787623,1.2060684062621143,0.9751387777485206,False,0,0.0
GENE4753,0.04989895867050098,0.8931938926792882,-0.8206250503205205,0.9204229676615224,0.9844191032996955,False,0,0.0
GENE4754,-0.14965096304771208,0.6773504982922391,-0.9313560390162692,0.632054112920845,0.9492626214122201,False,0,0.0
GENE4755,0.3385897765721706,0.382736122203861,-0.48798822758887705,1.1651677807332184,0.8827113054163502,False,0,0.0
GENE4756,0.5414255448653087,0.23391336432896417,-0.42650202660020986,1.5093531163308271,0.7893288060815501,False,0,0.0
GENE4757,2.5543618653293487,5.3980522095287205e-05,1.7138151397030472,3.3949085909556502,0.002166207593610492,True,1,2.929
GENE4758,0.5049245891291116,0.2849185690836304,-0.49265730413861686,1.5025064823968401,0.8248301268542327,False,0,0.0
GENE4759,-0.19549581454328013,0.6196767870244319,-1.0597654866405248,0.6687738575539647,0.9369670967915277,False,0,0.0
GENE4760,-0.45415262780013244,0.07535554720263213,-0.96966707803325,0.06136182243298516,0.48795805155802774,False,0,0.0
GENE4761,0.24907380735136542,0.4450448077982625,-0.44909231978274744,0.9472399344854783,0.9058232809947696,False,0,0.0
GENE4762,-0.4826486232613867,0.19601931562113858,-1.258891159092411,0.2935939125696375,0.7488165345294947,False,0,0.0
GENE4763,-0.5254354406691011,0.2661236265230844,-1.532761931746635,0.48189105040843283,0.8144867268506248,False,1,-0.822
GENE4764,-0.19715984824215127,0.779770507397555,-1.8373192815507164,1.442999585066414,0.9751387777485206,False,0,0.0
GENE4765,0.25432552348816984,0.5337959297974277,-0.6479558608078195,1.1566069077841592,0.9170564455607898,False,0,0.0
GENE4766,-0.4517280727191695,0.2738933863342072,-1.321625821468332,0.4181696760299931,0.818170487522472,False,0,0.0
GENE4767,-0.10543231194749492,0.7784377081643981,-0.9375223692926437,0.7266577453976538,0.9751387777485206,False,0,0.0
GENE4768,0.16333300327935696,0.5826395678613494,-0.49174858332385907,0.818414589882573,0.9294936563216196,False,0,0.0
GENE4769,0.9242567012517644,0.07577031625805121,-0.1161107994726085,1.9646242019761373,0.4890404399008207,False,0,0.0
GENE4770,0.07691147219118122,0.781061331191131,-0.5233008003749088,0.6771237447572712,0.9751387777485206,False,0,0.0
GENE4771,-0.0921982674410593,0.870302625832905,-1.3611460111853562,1.1767494763032376,0.9816377418732081,False,0,0.0
GENE4772,2.4742378909560103,0.0016415117136579286,1.3218615444034025,3.626614237508618,0.028261530860623076,True,0,0.0
GENE4773,0.6898840337185921,0.2198439881624071,-0.4972281665039473,1.8769962339411315,0.7796421256887536,False,0,0.0
GENE4774,-0.6377693023610247,0.11202875550133384,-1.4537984508893038,0.17825984616725443,0.5891667795133901,False,0,0.0
GENE4775,0.7624643665627664,0.022262328035885542,0.15344699581694787,1.371481737308585,0.22547742497884074,False,0,0.0
GENE4776,0.16200878090564164,0.6427310175940107,-0.619904215952279,0.9439217777635622,0.9395669826268277,False,0,0.0
GENE4777,-0.13749802369244524,0.7766183288451876,-1.18918570126366,0.9141896538787695,0.9751387777485206,False,0,0.0
GENE4778,-0.5663562671795654,0.10433733964860299,-1.2766257016194786,0.14391316726034786,0.5674341143162249,False,0,0.0
GENE4779,-0.142207811641204,0.7276575111269763,-1.0280773403153105,0.7436617170329025,0.9691735388751649,False,0,0.0
GENE4780,0.3380393955033014,0.2913533398376404,-0.3381543102604575,1.0142331012670605,0.829139547808847,False,0,0.0
GENE4781,-0.2920217669384071,0.47742710820607404,-1.2193498922773567,0.6353063584005425,0.9135954938974477,False,0,0.0
GENE4782,0.8311310723694851,0.0703803030777159,-0.08355702808685683,1.745819172825827,0.47195709645798833,False,0,0.0
GENE4783,-0.1417987826982312,0.782085986811978,-1.2895428809104492,1.0059453155139868,0.9751387777485206,False,0,0.0
GENE4784,-0.7813878306403765,0.0020715671735645224,-1.2032847317303959,-0.35949092955035716,0.032730761342319455,False,1,-1.049
GENE4785,2.4709863152137697,1.345199279918171e-05,1.775051383562559,3.1669212468649803,0.0010627074311353553,True,1,2.864
GENE4786,-0.7582721139452815,0.2304630608232254,-2.1532741849003214,0.6367299570097587,0.7861218395956306,False,0,0.0
GENE4787,0.5080380840621075,0.34025361779806784,-0.6511751366456688,1.6672513047698838,0.8679146057930393,False,0,0.0
GENE4788,0.07497039566774255,0.8099911655539896,-0.6097206883019088,0.7596614796373939,0.9801179834252379,False,0,0.0
GENE4789,-0.6334175052888449,0.27281550100256896,-1.8504170854921345,0.5835820749144447,0.818170487522472,False,0,0.0
GENE4790,0.2681237392064908,0.5253997150348446,-0.6410615753387408,1.1773090537517223,0.9170564455607898,False,0,0.0
GENE4791,0.12665446323029173,0.5506639291258122,-0.3378698688469253,0.5911787953075087,0.9194067492772341,False,0,0.0
GENE4792,-0.28450044118555695,0.43638587935315953,-1.0835226675961582,0.5145217852250443,0.9055806785604976,False,0,0.0
GENE4793,0.4596456444595489,0.2680589227609651,-0.41599584270917633,1.3352871316282742,0.8144867268506248,False,0,0.0
GENE4794,0.26986695444970366,0.45675883074808454,-0.5235585528541504,1.0632924617535577,0.9072637960246164,False,0,0.0
GENE4795,0.1483457890580131,0.6098242888595173,-0.5245034924606967,0.8211950705767229,0.9331765799094076,False,0,0.0
GENE4797,-0.2509173323743412,0.5507130047569457,-1.1664374201838887,0.6646027554352064,0.9194067492772341,False,0,0.0
GENE4798,0.22138489983567133,0.4814208353621592,-0.4775993485668599,0.9203691482382026,0.9135954938974477,False,0,0.0
GENE4799,0.030741425102499775,0.9392288326779955,-0.8586928499419252,0.9201757001469247,0.9965034178020642,False,0,0.0
GENE4800,-0.14628929030775417,0.7408352280310847,-1.112051306656305,0.8194727260407966,0.9691735388751649,False,0,0.0
GENE4801,0.30564400389894786,0.4587930791392566,-0.5803638178405116,1.1916518256384072,0.9072637960246164,False,0,0.0
GENE4802,1.3176223604486426,0.007852758559306386,0.438831314519013,2.196413406378272,0.09754212675867995,False,1,1.582
GENE4803,-0.1669870107479916,0.5564069990246514,-0.7860902595791641,0.4521162380831809,0.9232594227687783,False,0,0.0
GENE4804,0.12580725945332372,0.7102808537042781,-0.6627341950923921,0.9143487139990395,0.9674515076316891,False,0,0.0
GENE4805,-0.24987713022622238,0.6073681780077524,-1.3125379685050667,0.8127837080526219,0.9330779399297339,False,0,0.0
GENE4806,-0.18039363709761336,0.5313309633259304,-0.8029277101592633,0.4421404359640366,0.9170564455607898,False,0,0.0
GENE4807,-0.13534974090665886,0.7786127525671767,-1.2340650296388573,0.9633655478255396,0.9751387777485206,False,0,0.0
GENE4808,-0.16633388475321453,0.6380105357777981,-0.9650746952086657,0.6324069257022367,0.9395669826268277,False,0,0.0
GENE4809,-0.09185553371532329,0.7358732160738626,-0.6825795978323025,0.4988685304016559,0.9691735388751649,False,0,0.0
GENE4810,-0.050577401232457575,0.8976220720295002,-0.9862343795583164,0.8850795770934012,0.9850860719190077,False,0,0.0
GENE4811,-0.20166881853569052,0.5792547895216076,-0.9879884790519597,0.5846508419805787,0.9294936563216196,False,0,0.0
GENE4812,0.4259982919964016,0.41085979078458723,-0.7265959174351995,1.5785925014280027,0.8935502416230686,False,0,0.0
GENE4813,0.05988760705817864,0.831859631951307,-0.5565916994374881,0.6763669135538454,0.9803012537877377,False,0,0.0
GENE4814,0.11983584258044466,0.6145727606217508,-0.4016910086306824,0.6413626937915717,0.935116488619382,False,0,0.0
GENE4815,-0.4939392270804399,0.3187449057557829,-1.5543606831924301,0.5664822290315503,0.8553277022658576,False,0,0.0
GENE4816,3.1306422172387185,4.917059717584942e-07,2.58029874277902,3.680985691698417,0.00039014186419343355,True,0,0.0
GENE4817,0.3249721867130866,0.40595725834272367,-0.5174824209679926,1.1674267943941659,0.8915392620141253,False,0,0.0
GENE4818,-0.5248418179772996,0.12965723469247903,-1.2329802634395304,0.18329662748493125,0.6319733574009626,False,0,0.0
GENE4819,0.030708153634099844,0.9214003863998895,-0.6455454125085464,0.706961719776746,0.9895409261227742,False,0,0.0
GENE4820,-0.0619296829779703,0.866175769943016,-0.8943010736100448,0.7704417076541042,0.9803012537877377,False,0,0.0
GENE4821,-0.09327171078992436,0.8027780282385611,-0.9066559072974294,0.7201124857175807,0.9801179834252379,False,0,0.0
GENE4822,0.08423760575499006,0.8063544651832029,-0.673168181676941,0.8416433931869212,0.9801179834252379,False,0,0.0
GENE4823,0.07121409496970799,0.8556811534514236,-0.7797862787164045,0.9222144686558205,0.9803012537877377,False,0,0.0
GENE4824,0.1796338839989069,0.6109971011566571,-0.5842923499678667,0.9435601179656805,0.9337234593009734,False,0,0.0
GENE4825,0.37668759120516615,0.3414529866841476,-0.49960009930828075,1.252975281718613,0.8679146057930393,False,0,0.0
GENE4826,-0.1170180073712972,0.6445091067083033,-0.6775661654034364,0.443530150660842,0.9398644329115077,False,0,0.0
GENE4828,0.4633097211044088,0.3839999707536833,-0.699012259105066,1.6256317013138837,0.8827113054163502,False,1,1.126
GENE4829,-0.19227456051200686,0.5810018895385116,-0.9459409183157443,0.5613917972917306,0.9294936563216196,False,0,0.0
GENE4830,-0.2816432744023949,0.5825061527490187,-1.3912785700083503,0.8279920212035605,0.9294936563216196,False,0,0.0
GENE4831,-0.7854737299590413,0.005065481151439088,-1.261193198537063,-0.3097542613810196,0.0685239621689939,False,0,0.0
GENE4832,-0.13199409430428055,0.6426121956020425,-0.7472672031030811,0.48327901449452004,0.9395669826268277,False,0,0.0
GENE4833,0.10419383808001292,0.6719550377641093,-0.4288943199559919,0.6372819961160178,0.9473013602469039,False,0,0.0
GENE4834,-0.1867271357361595,0.5956162679556849,-0.9556760797611805,0.5822218082888615,0.929563511803904,False,0,0.0
GENE4835,0.614478707737264,0.2850386564129374,-0.6548686410447662,1.8838260565192941,0.8248301268542327,False,0,0.0
GENE4836,0.14211796312074032,0.658471599034854,-0.5578068070993287,0.8420427333408094,0.9436081724752478,False,0,0.0
GENE4837,-0.5810183826937063,0.05474124810813084,-1.176336799990732,0.014300034603319411,0.40823794823156806,False,0,0.0
GENE4838,0.2782776201562758,0.44663844745754744,-0.5056525587785963,1.0622077990911478,0.9058232809947696,False,0,0.0
GENE4839,-0.1698137143044791,0.6498077224337121,-1.0237212828806284,0.6840938542716701,0.9416048049726631,False,0,0.0
GENE4840,0.19180179621719606,0.6522816697900574,-0.7319350002694978,1.1155385927038899,0.9416048049726631,False,0,0.0
GENE4841,-0.40965644303023474,0.3041236238853973,-1.259949748924678,0.44063686286420867,0.8435509338887751,False,0,0.0
GENE4842,0.22404876638751592,0.5199118980845382,-0.5648321272999627,1.0129296600749944,0.9170564455607898,False,0,0.0
GENE4843,0.15374838521223433,0.32526802071799715,-0.20648896878559325,0.513985739210062,0.8592350499842759,False,0,0.0
GENE4844,-0.3238394980690922,0.29522223637692335,-0.9856147878546851,0.3379357917165008,0.8319046091114812,False,0,0.0
GENE4845,1.0757985054657322,0.0046192664205001776,0.4267165258702532,1.7248804850612112,0.06424683929921021,False,1,1.337
GENE4846,0.08428577476134436,0.8526410957528926,-0.9235899824495903,1.092161531972279,0.9803012537877377,False,0,0.0
GENE4847,0.850970566740451,0.15477585402125207,-0.3814344381613477,2.0833755716422497,0.685386349085141,False,0,0.0
GENE4848,-0.3757253950422186,0.23323499830991518,-1.0586612550558474,0.30721046497141025,0.7893288060815501,False,0,0.0
GENE4849,-0.2797880458225048,0.3098492501729856,-0.8793398339152089,0.3197637422701992,0.8452379407343185,False,0,0.0
GENE4850,-0.1756511099727871,0.7503649263081136,-1.397237532232763,1.0459353122871888,0.9692418112874588,False,0,0.0
GENE4851,0.4632383960975801,0.18256282927146178,-0.2574032085347373,1.1838800007298975,0.7358399751247694,False,0,0.0
GENE4852,-0.15557875979419666,0.7196871754414025,-1.111935121547422,0.8007776019590287,0.9691735388751649,False,0,0.0
GENE4853,0.18392110394717598,0.5037922792091135,-0.41136700145853977,0.7792092093528917,0.9170564455607898,False,0,0.0
GENE4854,0.4181311598057329,0.1563397828890175,-0.1938583009671151,1.030120620578581,0.6891274203154324,False,0,0.0
GENE4855,-0.3453933689092734,0.1156575461509213,-0.7943130524880428,0.10352631466949602,0.5992796435134445,False,0,0.0
GENE4856,-0.06791787764279889,0.8811049095733012,-1.0615595984945903,0.9257238432089926,0.9828540667920449,False,0,0.0
GENE4857,-0.7178561097772986,0.18881509447691094,-1.8554491099706185,0.41973689041602125,0.7413713948149088,False,0,0.0
GENE4858,0.15695886294484396,0.6832779643555371,-0.6754829919666606,0.9894007178563485,0.9505485405073721,False,0,0.0
GENE4859,0.20133982581342558,0.6174928745798809,-0.675931075597888,1.0786107272247392,0.9369670967915277,False,0,0.0
GENE4860,-0.6279015134977115,0.12680710073196477,-1.4683386860304941,0.2125356590350711,0.6245486881437168,False,0,0.0
GENE4861,0.021722425089100383,0.9499204442229641,-0.7520735094734631,0.7955183596516638,0.9981153546799778,False,0,0.0
GENE4862,-0.1526236945402344,0.6262395993471578,-0.8402258778892967,0.5349784888088279,0.9369670967915277,False,0,0.0
GENE4863,0.060293019376829626,0.8515629601587762,-0.64052682745833,0.7611128662119893,0.9803012537877377,False,0,0.0
GENE4864,-0.24703627624916713,0.3581026237514301,-0.8287199066178381,0.33464735411950386,0.8767711503519908,False,0,0.0
GENE4865,-0.011845282175279692,0.9681651568916925,-0.6893865105029736,0.6656959461524142,0.9984045558053897,False,0,0.0
GENE4866,0.5020617918162715,0.07451099872599999,-0.06202652105469986,1.0661501046872428,0.4867394802392374,False,0,0.0
GENE4867,-0.4896506539871073,0.2837812213897886,-1.49781788331294,0.5185165753387255,0.8248301268542327,False,0,0.0
GENE4868,-0.48985868913910036,0.2318582790044843,-1.3474011910980186,0.3676838128198179,0.7893288060815501,False,0,0.0
GENE4869,-0.9939596929079499,0.049013158051522246,-1.982354880090875,-0.005564505725024871,0.3899676956976695,False,0,0.0
GENE4870,-0.5843008250057871,0.14593535715480566,-1.4154964482121106,0.2468947982005364,0.6641067520293575,False,0,0.0
GENE4871,0.19571278548423798,0.6662529496510484,-0.815915080421834,1.20734065139031,0.9447923796219101,False,0,0.0
GENE4872,-1.6684699835034031,0.00107110687465028,-2.483785597461436,-0.8531543695453705,0.02115436077434303,True,1,-1.54
GENE4873,-0.44283652577919064,0.341109578052312,-1.4308653361368466,0.5451922845784655,0.8679146057930393,False,0,0.0
GENE4874,-0.08247977461405398,0.8532918775366588,-1.0535331585973302,0.8885736093692224,0.9803012537877377,False,0,0.0
GENE4875,0.5683977348958842,0.19773490056855939,-0.35137968614570725,1.4881751559374756,0.7516175798435762,False,0,0.0
GENE4876,0.32816598815098885,0.5165500520292294,-0.7700464104474047,1.4263783867493824,0.9170564455607898,False,0,0.0
GENE4877,0.09987047671020743,0.839017065816619,-0.9673928035366697,1.1671337569570845,0.9803012537877377,False,0,0.0
GENE4878,0.12025517815909836,0.7452312606565341,-0.7464683225789358,0.9869786788971325,0.9692418112874588,False,0,0.0
GENE4879,0.14704908429307872,0.6099903618547065,-0.4865785173502919,0.7806766859364493,0.9331765799094076,False,0,0.0
GENE4880,0.3134462754620122,0.4887132591163197,-0.7056780854587452,1.3325706363827696,0.9135954938974477,False,0,0.0
GENE4881,3.0137899725726047,0.0001429193811818988,2.003280412726408,4.024299532418802,0.004150967321091914,True,1,2.759
GENE4883,-0.19086722203726936,0.5424476192892131,-0.8779724405160323,0.4962379964414936,0.9170564455607898,False,0,0.0
GENE4884,-0.4688510832670123,0.34427422045305356,-1.5617970138078696,0.624094847273845,0.8713902299081585,False,0,0.0
GENE4885,0.01299741455107739,0.9666932635382604,-0.6699061871279756,0.6959010162301303,0.9984045558053897,False,0,0.0
GENE4886,-0.13447346958735196,0.598526226563066,-0.6918866295827867,0.42293969040808277,0.9322470800173939,False,0,0.0
GENE4887,0.040675044620279266,0.9076747592205374,-0.722893016716477,0.8042431059570355,0.9880685029271332,False,0,0.0
GENE4888,0.09840069141492336,0.8222628272371718,-0.8719430488874326,1.0687444317172794,0.9803012537877377,False,0,0.0
GENE4889,0.19257416794185733,0.5606783367048408,-0.520851474941322,0.9059998108250367,0.9235527230959638,False,0,0.0
GENE4890,0.468613812704227,0.4894477476532234,-1.0009407184779033,1.9381683438863573,0.9135954938974477,False,0,0.0
GENE4891,0.3427687535506365,0.37757853067644764,-0.49367356372286575,1.1792110708241388,0.8827113054163502,False,0,0.0
GENE4892,0.245751449662303,0.5356610074082231,-0.6133185247054579,1.1048214240300638,0.9170564455607898,False,0,0.0
GENE4893,0.29813883524574125,0.3088800893993816,-0.3341170815884744,0.9303947520799569,0.8452379407343185,False,0,0.0
GENE4894,-0.1520099668582091,0.6517171327005228,-0.8812859189120623,0.5772659851956441,0.9416048049726631,False,0,0.0
GENE4895,-0.30515950631793665,0.5011137282722024,-1.2793663504671682,0.6690473378312948,0.9170564455607898,False,0,0.0
GENE4896,0.07137959528325233,0.8393940813430146,-0.7523725348245441,0.8951317253910488,0.9803012537877377,False,0,0.0
GENE4897,0.04686887307937848,0.8596860338517214,-0.5560390758313855,0.6497768219901424,0.9803012537877377,False,0,0.0
GENE4898,-0.1432808913293675,0.6918165111995571,-0.927244491519485,0.64068270886075,0.9566303048931221,False,0,0.0
GENE4899,-0.1950401939640427,0.6113697917238645,-1.024264076311892,0.6341836883838067,0.9337234593009734,False,0,0.0
GENE4900,0.5026330642334704,0.15592602622665433,-0.23140989724673544,1.2366760257136762,0.6889349033504302,False,0,0.0
GENE4901,0.27775876488626317,0.2679467463183396,-0.25032929271200877,0.8058468224845351,0.8144867268506248,False,0,0.0
GENE4902,0.4805363601082515,0.2547236708097904,-0.40916668980437865,1.3702394100208817,0.811418144918284,False,0,0.0
GENE4903,-0.30639944317469947,0.24386133324326226,-0.8583673000981603,0.24556841374876137,0.7934532671424102,False,0,0.0
GENE4904,-0.22019273744915235,0.45585675958829586,-0.8547894326270411,0.4144039577287364,0.9072637960246164,False,0,0.0
GENE4905,0.3650294849110458,0.5070629805376906,-0.8788039605847477,1.6088629304068394,0.9170564455607898,False,0,0.0
GENE4906,1.084427270539981,0.004139679526489496,0.44148771825105093,1.7273668228289107,0.05904089382524539,False,1,1.149
GENE4907,1.6965906377929407,0.0016602118481399567,0.8488119306456097,2.5443693449402716,0.028261530860623076,True,1,1.304
GENE4908,0.03539900354215941,0.9157852924487808,-0.6930848539656548,0.7638828610499736,0.9890016312598906,False,0,0.0
GENE4909,-0.25022861442824773,0.5549929685499292,-1.1657544291391417,0.6652972002826462,0.9232594227687783,False,0,0.0
GENE4910,-0.19907733535519156,0.5329531560832084,-0.8943442641590706,0.4961895934486875,0.9170564455607898,False,0,0.0
GENE4911,0.2615689494935447,0.3524684918187261,-0.34310766512281854,0.8662455641099079,0.8759953714318836,False,0,0.0
GENE4912,0.04006383841295458,0.9103606590574381,-0.7336478415190776,0.8137755183449867,0.9889781637175139,False,0,0.0
GENE4913,0.005640167091406134,0.9899121242692461,-1.0358583100934997,1.047138644276312,0.9984045558053897,False,0,0.0
GENE4914,-0.352541788867367,0.4680906380283023,-1.418076245880935,0.7129926681462011,0.9072637960246164,False,0,0.0
GENE4915,0.0644669351969469,0.7627057866941406,-0.4333835629022071,0.562317433296101,0.9751387777485206,False,0,0.0
GENE4916,-0.010998551633447207,0.9775853793864441,-0.8684094001693645,0.8464122969024701,0.9984045558053897,False,0,0.0
GENE4917,-0.5100884304375022,0.21247856119896777,-1.3758268487313954,0.355649987856391,0.7747185058822967,False,0,0.0
GENE4918,-0.3663930655567942,0.27763192843677365,-1.0789321997305745,0.34614606861698616,0.8220735512183328,False,0,0.0
GENE4919,-0.17061900689296827,0.5752284330221957,-0.8269390083332417,0.4857009945473052,0.9294936563216196,False,0,0.0
GENE4920,-0.22581250851816304,0.5883730213502636,-1.131797235743322,0.6801722187069957,0.929563511803904,False,0,0.0
GENE4921,0.15517854481533577,0.7345950401604855,-0.8924970966497705,1.202854186280442,0.9691735388751649,False,0,0.0
GENE4922,0.5477867076732235,0.24095619541865987,-0.4693032235802135,1.5648766389266604,0.7934532671424102,False,0,0.0
GENE4923,0.172073836058372,0.6715974992061584,-0.7290556348670341,1.073203306983778,0.9473013602469039,False,0,0.0
GENE4924,0.5736685420902337,0.16964343832168244,-0.3188071136088453,1.4661441977893126,0.7102078164677406,False,1,1.166
GENE4925,-0.0004631432239392552,0.9989328819055812,-0.7531536540306881,0.7522273675828096,0.9989328819055812,False,0,0.0
GENE4926,0.049075638296357305,0.8552315193757491,-0.5351750475432807,0.6333263241359953,0.9803012537877377,False,0,0.0
GENE4927,-0.16614536634081567,0.6302911550258731,-0.9295370117121894,0.597246279030558,0.9369670967915277,False,0,0.0
GENE4928,2.338545214993208,0.00017147187095687089,1.508991335156088,3.1680990948303283,0.004769816128729859,True,1,2.197
GENE4929,-0.0679848103732823,0.8399209247061917,-0.8066257710667205,0.6706561503201559,0.9803012537877377,False,0,0.0
GENE4930,-0.6880292120457829,0.05457263333691515,-1.3925692760573218,0.01651085196575608,0.40823794823156806,False,1,-0.827
GENE4931,2.706639024132329,0.000565666835251523,1.5992912605453782,3.81398678771928,0.012552719096873685,True,1,2.972
GENE4932,0.046992990286292446,0.8282570039804407,-0.4296499192432667,0.5236358998158516,0.9803012537877377,False,0,0.0
GENE4933,-0.2024952423809765,0.6005301201190373,-1.0387349558830579,0.6337444711211048,0.9330779399297339,False,0,0.0
GENE4934,-0.09833080220617418,0.7920524767154984,-0.9176789344656692,0.7210173300533208,0.9773454564229873,False,0,0.0
GENE4935,-0.9365491882947108,0.04298148687796347,-1.8359344284170314,-0.037163948172390215,0.3581518180480568,False,0,0.0
GENE4936,0.45744420823146115,0.19275277646079916,-0.2772751430780034,1.1921635595409257,0.7459075961570644,False,0,0.0
GENE4937,-0.6233064060419267,0.04712870285977766,-1.2369839190576473,-0.009628893026205954,0.3783706835287028,False,0,0.0
GENE4938,0.1197243075499177,0.8005582056042185,-0.9180847892578365,1.157533404357672,0.9801179834252379,False,0,0.0
GENE4939,1.5187727108628524,0.009792686654528766,0.5254415228225066,2.5121038989031983,0.11581171342930727,False,1,1.149
GENE4940,-0.21981937486243197,0.5004504726114767,-0.9204635894623868,0.4808248397375229,0.9170564455607898,False,0,0.0
GENE4941,0.04042773807215916,0.9179688925208522,-0.8238689879389464,0.9047244640832647,0.9890016312598906,False,0,0.0
GENE4942,1.4994790696314562,0.005251227677092359,0.6305765006477211,2.3683816386151912,0.0705522085867851,False,1,1.995
GENE4943,-0.008706529747326108,0.9812130567968298,-0.8280816155080557,0.8106685560134035,0.9984045558053897,False,0,0.0
GENE4944,-0.06761994531514226,0.8398753508271468,-0.815099678965783,0.6798597883354984,0.9803012537877377,False,0,0.0
GENE4945,-0.22702962413552097,0.7190398123537691,-1.724682109249704,1.270622860978662,0.9691735388751649,False,0,0.0
GENE4946,0.26503956499319514,0.28390983883958393,-0.25727535552944414,0.7873544855158344,0.8248301268542327,False,0,0.0
GENE4947,-0.008251196320776089,0.9781010122600503,-0.7072023389983371,0.6906999463567849,0.9984045558053897,False,0,0.0
GENE4948,0.5703101403168311,0.27465672568475896,-0.5325127951887543,1.6731330758224165,0.818170487522472,False,0,0.0
GENE4949,-0.40550119005061,0.4265470172129676,-1.5114137368991305,0.7004113567979104,0.9055806785604976,False,0,0.0
GENE4950,-0.21250373745050943,0.5355315893144451,-0.9537084694763779,0.528700994575359,0.9170564455607898,False,0,0.0
GENE4951,-0.25162023507546394,0.5341831360723115,-1.1809431891525812,0.6777027190016534,0.9170564455607898,False,0,0.0
GENE4952,-0.2985397996741139,0.33593467359482043,-0.9589564087191232,0.3618768093708954,0.8632513705992898,False,0,0.0
GENE4953,0.3573423716000097,0.3587878744090387,-0.48902261443585315,1.2037073576358726,0.8767711503519908,False,0,0.0
GENE4954,-0.37920187682337847,0.11040068817196005,-0.861610824111179,0.10320707046442201,0.5885461010676082,False,0,0.0
GENE4955,-0.0689188902262945,0.8557663000891674,-0.9023874306199119,0.7645496501673229,0.9803012537877377,False,0,0.0
GENE4956,0.16476096090500025,0.7365954160978392,-0.9199618668282341,1.2494837886382346,0.9691735388751649,False,0,0.0
GENE4957,0.05664689418333335,0.892162727631439,-0.8600561953626268,0.9733499837292935,0.9844191032996955,False,0,0.0
GENE4958,0.3198957348378606,0.5234325408995438,-0.7731577738580702,1.4129492435337914,0.9170564455607898,False,0,0.0
GENE4959,0.24609602588971669,0.5899716294081014,-0.74971880077372,1.2419108525531533,0.929563511803904,False,0,0.0
GENE4960,0.33233975865062426,0.4061474604788017,-0.5393437843405328,1.2040233016417812,0.8915392620141253,False,0,0.0
GENE4961,0.855983418972551,0.1240329791380067,-0.2869314844471247,1.9988983223922268,0.6150700540634548,False,0,0.0
GENE4962,-0.043893636364956023,0.8964892948390073,-0.8103458154458707,0.7225585427159587,0.9850860719190077,False,0,0.0
GENE4963,-0.9712096483886512,0.0013612618749794254,-1.447785058453113,-0.49463423832418946,0.025363133991361936,False,1,-0.866
GENE4964,-0.9196790224287286,0.018334272015608322,-1.6455182198333587,-0.19383982502409836,0.195730741788251,False,0,0.0
GENE4965,-0.001434660596387971,0.9961677943360939,-0.6507152497880253,0.6478459285952494,0.9984045558053897,False,0,0.0
GENE4966,-0.0786997718499034,0.7813981700672817,-0.7147748854228029,0.5573753417229961,0.9751387777485206,False,0,0.0
GENE4967,0.013662883797518788,0.969694490746084,-0.7768697324455495,0.804195500040587,0.9984045558053897,False,0,0.0
GENE4968,-0.18911064282124812,0.4447768238012434,-0.7315339683958669,0.3533126827533707,0.9058232809947696,False,0,0.0
GENE4969,0.34258739815263883,0.19488016183141532,-0.20711338421056025,0.8922881805158379,0.7459075961570644,False,0,0.0
GENE4970,0.01269846756875559,0.9791776589081329,-1.0680601685560773,1.0934571036935885,0.9984045558053897,False,0,0.0
GENE4971,-0.25543758122169535,0.5292124459898417,-1.1329497012791059,0.6220745388357152,0.9170564455607898,False,0,0.0
GENE4972,0.03009973086683093,0.9182578422677943,-0.6161780611031434,0.6763775228368053,0.9890016312598906,False,0,0.0
GENE4973,0.7866351336459307,0.07707113652593058,-0.10295503041042597,1.6762252977022873,0.492121459392372,False,0,0.0
GENE4974,-0.29793278569061776,0.4130690484060059,-1.109249917558458,0.5133843461772225,0.8935502416230686,False,0,0.0
GENE4975,-0.886315118303064,0.09087366863677317,-1.9424496923442052,0.16981945573807722,0.5276790929860551,False,0,0.0
GENE4976,-0.38875981108950186,0.4375552339629475,-1.4668507105822002,0.6893310884031965,0.9055806785604976,False,0,0.0
GENE4977,-0.20706119737051054,0.5755509088671684,-1.004651492239825,0.590529097498804,0.9294936563216196,False,0,0.0
GENE4978,-0.4209730850541513,0.30674539275950136,-1.2986369270090936,0.45669075690079086,0.8452379407343185,False,0,0.0
GENE4979,-0.36827586987670635,0.4405058978919706,-1.4041555269974701,0.6676037872440574,0.9055806785604976,False,0,0.0
GENE4980,0.789937526862877,0.008823577701610262,0.2638527958996182,1.3160222578261358,0.107571394819014,False,0,0.0
GENE4981,0.5670211373631995,0.3073137752663466,-0.6336214362943071,1.767663711020706,0.8452379407343185,False,0,0.0
GENE4982,-1.763216713054467,0.0006809911297810522,-2.514784932310225,-1.0116484937987087,0.014308058311889128,True,1,-1.448
GENE4983,0.26616453152190367,0.4541037962092461,-0.49909528242563406,1.0314243454694414,0.9072637960246164,False,0,0.0
GENE4984,-0.03828763468377527,0.923708361691091,-0.9242046132744897,0.8476293439069391,0.9914804425760353,False,0,0.0
GENE4985,1.939690758247333,0.0012297152279299108,0.9880107280677911,2.891370788426875,0.023352765145784365,True,1,1.381
GENE4986,-0.06276686072771298,0.8932602117567127,-1.0795226642521465,0.9539889427967205,0.9844191032996955,False,0,0.0
GENE4987,-0.42892450040876495,0.14511466126140937,-1.0502259967879417,0.1923769959704118,0.6639154874828452,False,0,0.0
GENE4988,0.095635183154549,0.7656309442576726,-0.6038423630581587,0.7951127293672567,0.9751387777485206,False,0,0.0
GENE4989,2.8389072432808877,6.958366751621375e-05,1.8647128984794712,3.8131015880823043,0.0024540668454378954,True,0,0.0
GENE4990,1.009477936691122,0.07724438096791662,-0.14126253128344457,2.1602184046656885,0.492121459392372,False,1,1.799
GENE4991,-0.9393663157105587,0.039340897295979754,-1.821609214711887,-0.0571234167092306,0.34078189543666676,False,0,0.0
GENE4992,-0.41370274240646143,0.2145676064392994,-1.1261642215825274,0.2987587367696045,0.7747185058822967,False,0,0.0
GENE4993,0.0797137325033086,0.7903236362445127,-0.5757266466092645,0.7351541116158817,0.9773454564229873,False,0,0.0
GENE4994,-1.7315692075787912,0.0037592977047460853,-2.742261621426746,-0.7208767937308362,0.05499713308795198,False,1,-1.408
GENE4995,0.4847464970582114,0.44070775567165243,-0.9129285808382277,1.8824215749546505,0.9055806785604976,False,0,0.0
GENE4996,-0.4006272326989375,0.21874480666046212,-1.0832325953928632,0.28197812999498806,0.7796421256887536,False,0,0.0
GENE4997,-0.2663037451905321,0.48427430454976284,-1.1300849503006356,0.5974774599195714,0.9135954938974477,False,0,0.0
GENE4998,-0.2926187669040816,0.4480958711553873,-1.1184113527939439,0.5331738189857805,0.9058232809947696,False,0,0.0
GENE4999,-0.05974175566722817,0.8747525644720942,-0.9139224355972552,0.7944389242627988,0.9828540667920449,False,0,0.0
GENE5000,-0.3513995436412758,0.4019233477776124,-1.2583606635932918,0.5555615763107402,0.8915392620141253,False,0,0.0
GENE5001,-0.5417001805878923,0.10353275689715548,-1.2162064772293664,0.13280611605358184,0.5648541294803372,False,0,0.0
GENE5002,-0.15304475630962133,0.8235034313139604,-1.7443948688806183,1.4383053562613757,0.9803012537877377,False,0,0.0
GENE5003,0.4233085577362008,0.25959456739696024,-0.3751305676886314,1.221747683161033,0.8125186538969833,False,0,0.0
GENE5004,0.5843521632096431,0.1170071052896166,-0.1864293415859919,1.3551336680052781,0.6002312544077734,False,0,0.0
GENE5005,0.3749140296065523,0.4930565498632925,-0.8041881451855533,1.5540162043986578,0.9151830684205909,False,1,0.854
GENE5006,-0.18604963390039586,0.5929481679544506,-0.9412822328918775,0.5691829650910858,0.929563511803904,False,0,0.0
GENE5007,-0.10815714333632309,0.8329478291154802,-1.228142569610942,1.0118282829382959,0.9803012537877377,False,0,0.0
GENE5008,-2.1233566074844417,9.529341369691057e-05,-2.880562239410212,-1.3661509755586714,0.0030525076954383036,True,1,-2.501
GENE5009,0.3290739345372917,0.5866227546134297,-1.0359970307504276,1.694144899825011,0.929563511803904,False,0,0.0
GENE5010,0.10463245744920968,0.7235555582895625,-0.5426153921145331,0.7518803070129525,0.9691735388751649,False,0,0.0
GENE5011,0.5637438097601843,0.14490903389700913,-0.23741302771341188,1.3649006472337806,0.6639154874828452,False,0,0.0
GENE5013,0.5570364543145585,0.1415439217354666,-0.22193243984770816,1.3360053484768253,0.6624389702074562,False,0,0.0
GENE5014,-0.39901684939355775,0.12296386035043293,-0.9269565822463608,0.1289228834592453,0.6148187695701444,False,0,0.0
GENE5015,0.09166830168498663,0.8339418036593941,-0.8579427387799624,1.0412793421499358,0.9803012537877377,False,0,0.0
GENE5016,-0.19575454972673967,0.6905782668233105,-1.266243571669339,0.8747344722158596,0.955811434197919,False,0,0.0
GENE5017,0.5279632140080803,0.13765104549750637,-0.2045504935685304,1.260476921584691,0.6550863008616267,False,1,1.15
GENE5018,-1.0794899888967082,0.028050699183085028,-2.014670374431801,-0.14430960336161536,0.2676334825439272,False,0,0.0
GENE5019,1.3705784986896443,0.005877906472789258,0.49534509243535485,2.245811904943934,0.07812227533374404,False,1,1.154
GENE5020,1.7433399069553976,5.8642194364904805e-05,1.1575054858133038,2.3291743280974915,0.002185251582465792,True,1,1.842
GENE5021,-0.35383265198001546,0.20429653808632708,-0.9349653366062911,0.2273000326462602,0.7641773915160909,False,0,0.0
GENE5022,0.26629065886356296,0.5795915700267513,-0.771530557235065,1.304111874962191,0.9294936563216196,False,0,0.0
GENE5023,0.44005641301357534,0.33601989009575595,-0.5332264292203127,1.4133392552474633,0.8632513705992898,False,0,0.0
GENE5024,0.3483224411363901,0.18632013086792323,-0.20250834850704713,0.8991532307798273,0.7389201977191735,False,0,0.0
GENE5025,1.0717758544624227,0.15304689984547284,-0.5345481251517139,2.6780998340765594,0.6838634099430065,False,0,0.0
GENE5026,-0.32130559130744984,0.2837885579766223,-0.9598867872361365,0.31727560462123683,0.8248301268542327,False,0,0.0
GENE5027,-1.2749884790318489,0.00889189464387048,-2.151163787893351,-0.3988131701703469,0.10773921424321595,False,0,0.0
GENE5028,-0.33767240384794484,0.4336600065935885,-1.2657812835695168,0.5904364758736271,0.9055806785604976,False,0,0.0
GENE5029,-0.34120168732185263,0.26388065924471177,-0.9989433024954231,0.3165399278517178,0.8130488330862804,False,0,0.0
GENE5030,0.3013581923620636,0.2125120559805403,-0.20289667819648838,0.8056130629206156,0.7747185058822967,False,0,0.0
GENE5031,0.034910016895393525,0.9203974674712299,-0.7414572273704721,0.8112772611612592,0.9890016312598906,False,0,0.0
GENE5032,0.02609699618401251,0.9556638661771332,-1.0319009217586987,1.0840949141267238,0.9981153546799778,False,0,0.0
GENE5033,-0.7954331086744277,0.027596512544630743,-1.4822470734939797,-0.10861914385487581,0.264578214930319,False,0,0.0
GENE5034,0.3238844434149466,0.4279941180338952,-0.5556427675649196,1.2034116543948128,0.9055806785604976,False,0,0.0
GENE5035,0.09625663443247312,0.8206073499262783,-0.8275378253704819,1.0200510942354282,0.9803012537877377,False,0,0.0
GENE5036,-0.4543140539271793,0.22517064388144176,-1.2510893675771002,0.34246125972274166,0.7826134210394398,False,0,0.0
GENE5037,-0.3284296724792082,0.3419516448058604,-1.0628360865339972,0.4059767415755807,0.8680649080868563,False,0,0.0
GENE5038,-0.4646915314562605,0.23479737072453843,-1.3023562751725146,0.3729732122599937,0.7893288060815501,False,0,0.0
GENE5039,-0.06361947675961543,0.8522696139298584,-0.8096054949478021,0.6823665414285712,0.9803012537877377,False,0,0.0
GENE5040,0.1336388441977414,0.7155704312197549,-0.6996117188179403,0.9668894072134231,0.9688648231981444,False,0,0.0
GENE5041,-0.6030176612808269,0.062103635041569016,-1.2430804424358626,0.037045119874208776,0.43962250611863374,False,0,0.0
GENE5042,0.3114863464634352,0.4616904181677879,-0.5966499697175482,1.2196226626444187,0.9072637960246164,False,0,0.0
GENE5043,0.019283691271425596,0.9266036469662016,-0.4355508992941297,0.4741182818369809,0.9924306956389631,False,0,0.0
GENE5044,-0.7645361030552333,0.03538262237117192,-1.4651876300709468,-0.0638845760395198,0.31620216824916086,False,0,0.0
GENE5045,-0.048166363957841796,0.9360314735264925,-1.4342022218272408,1.3378694939115572,0.99585412464947,False,0,0.0
GENE5046,0.2905638697606219,0.41799830738185684,-0.5120479544125872,1.0931756939338308,0.8967081907490309,False,0,0.0
GENE5047,0.1906626302198653,0.39760665725898403,-0.29663484296747944,0.67796010340721,0.8915392620141253,False,0,0.0
GENE5048,0.4332329111917943,0.29349020284949595,-0.44225526933142567,1.3087210917150143,0.8316257541287726,False,0,0.0
GENE5049,-0.029010046208469475,0.9450723491446107,-0.9471961772944039,0.8891760848774649,0.9981153546799778,False,0,0.0
GENE5050,-0.24644866733222437,0.6010929863421608,-1.2771486161856682,0.7842512815212195,0.9330779399297339,False,0,0.0
GENE5051,0.35581103570952166,0.13484952130749794,-0.13197744267872635,0.8435995140977697,0.6448615123058316,False,0,0.0
GENE5052,0.00752045801467105,0.9881693234268368,-1.1281224186985628,1.1431633347279049,0.9984045558053897,False,0,0.0
GENE5053,0.08381989179779303,0.8298896461006576,-0.7757572109072993,0.9433969945028854,0.9803012537877377,False,0,0.0
GENE5054,-0.37736383506347737,0.48384776492616843,-1.5355773875301924,0.7808497174032376,0.9135954938974477,False,0,0.0
GENE5055,2.276604969041136,0.00027177044335521084,1.4042531442284831,3.148956793853789,0.006709332820331768,True,1,2.201
GENE5056,-1.7019510430906015,5.787358102966254e-06,-2.063690797000153,-1.34021128918105,0.0008164308752398823,True,1,-1.5
GENE5057,0.7862685583121019,0.1708905120219802,-0.44906308975441034,2.021600206378614,0.7102078164677406,False,0,0.0
GENE5058,-0.17057562393390846,0.7235157203662772,-1.2218172498207382,0.8806660019529213,0.9691735388751649,False,0,0.0
GENE5059,0.6437681601343646,0.08100281896828208,-0.10400650305829784,1.3915428233270268,0.499939273319866,False,0,0.0
GENE5060,-0.7034786578591161,0.2927274072043953,-2.1995744144932368,0.7926170987750045,0.8311063677894782,False,0,0.0
GENE5061,0.45995079282034634,0.40941586580939326,-0.756541370686908,1.6764429563276007,0.8935502416230686,False,0,0.0
GENE5062,-0.460281900654282,0.23539983128204203,-1.284879999218738,0.3643161979101741,0.7893288060815501,False,0,0.0
GENE5063,-0.5799149764265661,0.21293922914161015,-1.5676495982413665,0.40781964538823445,0.7747185058822967,False,0,0.0
GENE5064,-0.5993752904833478,0.16264862917537476,-1.5056317752766453,0.30688119430994953,0.7026010385947556,False,0,0.0
GENE5065,-0.4387278989826404,0.1439778969879648,-1.0620252078551577,0.18456940988987702,0.6639154874828452,False,0,0.0
GENE5066,-0.09296524562946251,0.8434387519068948,-1.1287034979509396,0.9427730066920146,0.9803012537877377,False,0,0.0
GENE5067,0.07542369223395173,0.7820461695782992,-0.5251115532712545,0.6759589377391579,0.9751387777485206,False,0,0.0
GENE5068,-0.1510106893435781,0.622477494342007,-0.8160529474358964,0.5140315687487402,0.9369670967915277,False,0,0.0
GENE5069,-0.34176531989848424,0.5329984420776559,-1.5605871797692834,0.8770565399723149,0.9170564455607898,False,0,0.0
GENE5070,-0.1286223409285805,0.770483998364899,-1.0933888764410142,0.8361441945838533,0.9751387777485206,False,0,0.0
GENE5071,0.28760307391655626,0.32539782969424835,-0.3423020084148056,0.9175081562479181,0.8592350499842759,False,0,0.0
GENE5072,-0.04354652799914227,0.9079912028466437,-0.8710040558951996,0.783910999896915,0.9880685029271332,False,0,0.0
GENE5073,-0.8837734735875484,0.07226344170296552,-1.867995102405982,0.10044815523088513,0.48053972176214443,False,0,0.0
GENE5074,0.32951020470749626,0.2145130387678785,-0.2360090246110198,0.8950294340260123,0.7747185058822967,False,0,0.0
GENE5075,-0.2526433933026233,0.5109026922319508,-1.1089667037099202,0.6036799171046735,0.9170564455607898,False,0,0.0
GENE5076,-0.5675587919748324,0.11991541682236853,-1.3257336510375273,0.1906160670878625,0.6103941964540667,False,0,0.0
GENE5077,-1.829118653216666,1.633324601258634e-05,-2.3522254357956154,-1.3060118706377162,0.0012406984951868472,True,1,-1.833
GENE5078,0.15092034140887733,0.6947572956582271,-0.6865606402767952,0.9884013230945499,0.9588718790531086,False,0,0.0
GENE5079,-2.7729242904418703,5.593751254386587e-05,-3.699157147390392,-1.8466914334933484,0.002166207593610492,True,1,-2.982
GENE5080,-0.21654314168447897,0.5256200888622207,-0.9623729532832885,0.5292866699143306,0.9170564455607898,False,0,0.0
GENE5081,0.05421230227303653,0.884774054306295,-0.7588077533199016,0.8672323578659746,0.9828540667920449,False,0,0.0
GENE5082,-0.19103353329024575,0.5942387259141542,-0.9982486218936013,0.6161815553131098,0.929563511803904,False,0,0.0
GENE5084,-0.19594105176836418,0.5637691270277321,-0.9364004111990762,0.5445183076623479,0.9238088230205794,False,0,0.0
GENE5085,0.5107120789292985,0.1232750545568492,-0.1658935242770353,1.1873176821356322,0.6148187695701444,False,0,0.0
GENE5086,-0.928650517115782,0.020967563637660298,-1.6720601579221257,-0.1852408763094383,0.21681119468261303,False,0,0.0
GENE5087,-0.9973460354147141,0.09035646459770084,-2.1837182527524246,0.18902618192299636,0.5276790929860551,False,0,0.0
GENE5088,0.31719605235118387,0.3026615022799803,-0.3336927680553178,0.9680848727576855,0.8433536358685577,False,0,0.0
GENE5089,0.3011617628580181,0.20587814894918766,-0.1950303285804713,0.7973538542965075,0.7675794278740952,False,0,0.0
GENE5090,0.15778709113951717,0.7516498775181949,-0.9472781373554342,1.2628523196344685,0.9696919795476312,False,0,0.0
GENE5091,-0.3158065400486949,0.17104470790605794,-0.7929457061664782,0.16133262606908838,0.7102078164677406,False,0,0.0
GENE5092,-0.28309937651223915,0.4701538838498609,-1.1252076104794366,0.5590088574549583,0.9082346186452764,False,0,0.0
GENE5093,-0.5779950421710196,0.05600518374393181,-1.1741456528510605,0.018155568509021225,0.408587486833927,False,0,0.0
GENE5094,2.1621044248817514,0.00020111226035492223,1.3158754231332512,3.0083334266302515,0.005367523164877991,True,1,2.386
GENE5095,-0.009596067779286344,0.9795094109797529,-0.8220655202726048,0.8028733847140321,0.9984045558053897,False,0,0.0
GENE5096,-0.5278182264376792,0.14531959389057475,-1.2802746636367246,0.22463821076136625,0.6639154874828452,False,0,0.0
GENE5097,2.8670040085249724,9.655884978723502e-06,2.126781163131435,3.60722685391851,0.0010037038333146797,True,0,0.0
GENE5098,-0.06443769897142104,0.8940490161363494,-1.127402870770546,0.9985274728277038,0.9844191032996955,False,0,0.0
GENE5099,0.42295707776990144,0.10486757049388461,-0.12519766885683614,0.971111824396639,0.5674341143162249,False,0,0.0
GENE5100,-0.06548056133982083,0.8735868882622944,-0.9918801386169106,0.8609190159372689,0.9828540667920449,False,0,0.0
GENE5101,0.8198550953229518,0.03528488147415755,0.06896798235036072,1.5707422082955427,0.31620216824916086,False,1,1.288
GENE5102,0.012389214276931959,0.9567222774968633,-0.48901274848103105,0.513791177034895,0.9982829190951499,False,0,0.0
GENE5103,-0.2113659514887125,0.6488258875344568,-1.2348414637423568,0.8121095607649318,0.9415364642766733,False,0,0.0
GENE5104,0.8999428222232209,0.06798610758551482,-0.08434343854703019,1.884229082993472,0.46522639277810274,False,0,0.0
GENE5105,0.4975827032272626,0.06867639613128657,-0.04722039209937434,1.0423857985538996,0.46522639277810274,False,0,0.0
GENE5106,0.04632598229591833,0.9039335200562185,-0.7885638670770969,0.8812158316689336,0.9863796319856154,False,0,0.0
GENE5107,0.24815304086622003,0.20001515941924994,-0.16024162603451547,0.6565477077669555,0.7517526356968669,False,0,0.0
GENE5108,0.011858319217146196,0.9810685140217008,-1.1306499292787158,1.1543665677130082,0.9984045558053897,False,0,0.0
GENE5109,-0.11138961773024114,0.8231084874484372,-1.227504180588203,1.0047249451277207,0.9803012537877377,False,0,0.0
GENE5110,-0.1926184586045272,0.6429623519803109,-1.1184399754892373,0.7332030582801831,0.9395669826268277,False,0,0.0
GENE5111,0.05857545517891616,0.8146319796006972,-0.5029701559916532,0.6201210663494855,0.9803012537877377,False,0,0.0
GENE5112,-0.17994904586143523,0.6542537331233251,-1.0681675645852677,0.7082694728623974,0.9418011099989557,False,0,0.0
GENE5113,0.40615914974496103,0.22659382312571363,-0.30549273696316603,1.1178110364530882,0.7836781848434963,False,0,0.0
GENE5114,-0.40159353930294195,0.2737446891312255,-1.1872047636907501,0.3840176850848662,0.818170487522472,False,0,0.0
GENE5115,0.2625241653431294,0.42401409758135533,-0.4394958457569689,0.9645441764432277,0.9055806785604976,False,0,0.0
GENE5116,-0.040508849296664096,0.9197558966141453,-0.9602670332918024,0.8792493346984742,0.9890016312598906,False,0,0.0
GENE5117,-2.428753959265541,4.3201665005958e-06,-3.0319826728423123,-1.82552524568877,0.0007215322094512558,True,1,-2.559
GENE5118,0.21706202074701153,0.7385922248786887,-1.3361341877430635,1.7702582292370865,0.9691735388751649,False,0,0.0
GENE5119,0.5427673159201736,0.384627260965658,-0.855085218430925,1.9406198502712722,0.8827113054163502,False,0,0.0
GENE5120,0.09547042216200552,0.7393456628784858,-0.5640224461269416,0.7549632904509527,0.9691735388751649,False,0,0.0
GENE5121,2.381632098006934,0.00012057721480852857,1.5282190725244602,3.2350451234894075,0.003608181806770362,True,1,1.902
GENE5122,2.863945486948843,0.0008966578627805263,1.5489719147346,4.1789190591630865,0.017887871504965045,True,1,2.885
GENE5123,0.2963967931817937,0.22049543193097215,-0.21085907748956312,0.8036526638531505,0.7796421256887536,False,0,0.0
GENE5124,-0.3980358721416053,0.24655230522894467,-1.1187110258400805,0.32263928155686983,0.7976739323071189,False,0,0.0
GENE5125,-0.133995214784993,0.6016292968329631,-0.7068126498208209,0.43882222025083495,0.9330779399297339,False,0,0.0
GENE5126,-2.4424329588064175,2.425112283412276e-05,-3.181238937123032,-1.7036269804898032,0.001364357872206964,True,1,-2.834
GENE5127,-0.16155829122635046,0.6410696283751445,-0.9162906173050586,0.5931740348523576,0.9395669826268277,False,0,0.0
GENE5128,-0.41768569357304663,0.18545571142724437,-1.0772271923145897,0.24185580516849636,0.7384577219129186,False,0,0.0
GENE5129,0.7041219104190883,0.03757552401448024,0.0493146223797547,1.358929198458422,0.3298295996826599,False,0,0.0
GENE5130,-0.24037295738030195,0.5250644467489503,-1.0541325701596924,0.5733866553990884,0.9170564455607898,False,0,0.0
GENE5131,-0.07540617135009242,0.7926617888625123,-0.7287780286548311,0.5779656859546463,0.9773454564229873,False,0,0.0
GENE5132,-0.576074944773616,0.2806643344139473,-1.7237721201724587,0.5716222306252268,0.8245903224641499,False,0,0.0
GENE5133,-0.23221673547042876,0.5128381166613276,-0.9951552753272234,0.5307218043863658,0.9170564455607898,False,0,0.0
GENE5134,-0.6472269988204449,0.12717953013848743,-1.5207355773044577,0.2262815796635681,0.6248248060286385,False,0,0.0
GENE5135,-0.2827899836214396,0.23911431995966914,-0.7867424543521249,0.2211624871092457,0.7920410437611398,False,0,0.0
GENE5136,0.5172094533898752,0.39379936426009654,-0.7959888639447319,1.8304077707244824,0.8915392620141253,False,0,0.0
GENE5137,-0.2003098401747252,0.5893688667911969,-1.0107924865595996,0.6101728062101492,0.929563511803904,False,0,0.0
GENE5138,-0.45212423674396973,0.07049485744562357,-0.9500294122778822,0.045780938789942716,0.47195709645798833,False,0,0.0
GENE5139,-0.3806793232487964,0.20598334013836478,-1.0391076219530262,0.2777489754554334,0.7675794278740952,False,0,0.0
GENE5140,-0.17858688385448485,0.4735132623563929,-0.7147141606479818,0.3575403929390121,0.910778151241412,False,0,0.0
GENE5141,-0.6384905296542369,0.1389921739492721,-1.546471513176163,0.2694904538676892,0.6557759495312157,False,0,0.0
GENE5142,0.0654457588623556,0.8148824397430555,-0.570624408751227,0.7015159264759382,0.9803012537877377,False,0,0.0
GENE5143,-0.6393590768229496,0.18618526994789045,-1.66356389812009,0.38484574447419084,0.7389201977191735,False,0,0.0
GENE5144,-0.3475922724251319,0.48988050711874653,-1.428166333975337,0.7329817891250732,0.9135954938974477,False,0,0.0
GENE5145,0.15643679727083448,0.6809656145211367,-0.7065026943096363,1.0193762888513054,0.9492626214122201,False,0,0.0
GENE5146,3.2939543458911773,2.2299513593006433e-05,2.5085393533500344,4.07936933843232,0.0013345921013996273,True,0,0.0
GENE5147,-0.5782286598216233,0.0838436461098249,-1.2502896747710066,0.09383235512776,0.5063951102963431,False,0,0.0
GENE5148,0.06961896798751832,0.8370351490705167,-0.6662557521082451,0.8054936880832817,0.9803012537877377,False,0,0.0
GENE5149,0.25304060691632646,0.3239440871394385,-0.294787827048274,0.8008690408809269,0.8592350499842759,False,0,0.0
GENE5150,0.32983586086963834,0.3024405633039289,-0.3502788995972581,1.0099506213365348,0.8433536358685577,False,0,0.0
GENE5151,0.4779838890191872,0.16128993181156595,-0.23062040677391127,1.1865881848122857,0.6985693318593043,False,0,0.0
GENE5152,0.09400333170602959,0.8587793168771499,-1.0564732561968628,1.244479919608922,0.9803012537877377,False,0,0.0
GENE5153,-0.3499179756540167,0.2972066696664368,-1.0590857987356668,0.35924984742763333,0.8319046091114812,False,0,0.0
GENE5154,0.2202368965921342,0.5858285047320588,-0.669099488389022,1.1095732815732904,0.929563511803904,False,0,0.0
GENE5155,0.04698400354701526,0.8864547555219677,-0.6680137033567456,0.7619817104507761,0.9828540667920449,False,0,0.0
GENE5156,-1.7346518037110714,0.009319853344490134,-2.9101777866078478,-0.5591258208142951,0.11223603875224399,False,1,-1.383
GENE5157,0.41351874858112847,0.0690183964982198,-0.03888661649021452,0.8659241136524715,0.46522639277810274,False,0,0.0
GENE5158,-1.5294020514451454,0.00966705608059583,-2.5790304429181523,-0.4797736599721387,0.1150146732480528,False,1,-1.932
GENE5159,-0.643455418555579,0.14854022777754358,-1.5660334340026827,0.27912259689152474,0.6728599767446068,False,0,0.0
GENE5160,0.09322945414443495,0.7337815890605797,-0.5498028534323288,0.7362617617211987,0.9691735388751649,False,0,0.0
GENE5161,0.6252369936474578,0.05521483703083736,-0.01727262879536151,1.267746616090277,0.40823794823156806,False,0,0.0
GENE5162,-0.339734074619213,0.3143964371053313,-1.070295692859275,0.3908275436208489,0.8505931003877113,False,0,0.0
GENE5163,-2.284959470790871,0.006689272255091771,-3.622515493926092,-0.9474034476556501,0.0857877448299107,False,1,-2.616
GENE5164,-0.1900934902436413,0.7137993103050508,-1.3644907918175686,0.984303811330286,0.9688648231981444,False,0,0.0
GENE5165,0.08379029151167483,0.7967522179148607,-0.6220193294140755,0.7895999124374251,0.9792069884143434,False,0,0.0
GENE5166,0.19756731991662857,0.5124429310547232,-0.4505927233113326,0.8457273631445897,0.9170564455607898,False,0,0.0
GENE5167,0.2348107712325307,0.5567604924139822,-0.6277017061827107,1.097323248647772,0.9232594227687783,False,0,0.0
GENE5168,3.2259110473746917,3.899837206216299e-05,2.1963532328871995,4.255468861862184,0.0018338520195898072,True,0,0.0
GENE5169,-1.2679670796723228,0.041176429538409734,-2.4728134349034816,-0.06312072444116423,0.348146572548262,False,1,-1.776
GENE5170,0.2825005232223985,0.48418011650109927,-0.612955195441461,1.1779562418862581,0.9135954938974477,False,0,0.0
GENE5171,-0.18594071617152785,0.6431871192463144,-1.0579956609024115,0.6861142285593559,0.9395669826268277,False,0,0.0
GENE5172,0.06799673858233479,0.8404652358050662,-0.6810612336801491,0.8170547108448187,0.9803012537877377,False,0,0.0
GENE5173,0.22166533056567284,0.5556732352345068,-0.6082537166240062,1.051584377755352,0.9232594227687783,False,0,0.0
GENE5174,0.014029302859076331,0.9623482663533572,-0.6639063652701698,0.6919649709883224,0.9984045558053897,False,0,0.0
GENE5175,-0.23793008350244005,0.484345265645424,-0.9930810901731821,0.517220923168302,0.9135954938974477,False,0,0.0
GENE5176,0.29581774193910126,0.5593578999507456,-0.7963260747474408,1.3879615586256433,0.9235527230959638,False,0,0.0
GENE5177,-0.21643014423152085,0.5281368885441042,-0.9748977602078661,0.5420374717448244,0.9170564455607898,False,0,0.0
GENE5178,2.1934799649134966,5.503424791036664e-05,1.4622439175517257,2.9247160122752676,0.002166207593610492,True,1,2.472
GENE5179,0.22961987981612708,0.5746839969394912,-0.6737208137234774,1.1329605733557315,0.9294936563216196,False,0,0.0
GENE5180,-0.275127353652441,0.5278757090939605,-1.234938443135953,0.6846837358310708,0.9170564455607898,False,0,0.0
GENE5181,-0.4172677395551698,0.19313686511589545,-1.0837980288618958,0.24926254975155626,0.7459075961570644,False,0,0.0
GENE5182,0.23365564975078756,0.6636096894648713,-0.9289758765487375,1.3962871760503126,0.9446905843310412,False,0,0.0
GENE5183,0.5340515717520944,0.019991994392799403,0.10561917617738831,0.9624839673268004,0.20891105251734826,False,0,0.0
GENE5184,0.020395488380304805,0.967450449670975,-1.0692087696339228,1.1099997463945324,0.9984045558053897,False,0,0.0
GENE5185,-0.2664214735551873,0.5960528672713405,-1.3656151232453344,0.8327721761349598,0.929563511803904,False,0,0.0
GENE5186,-0.3180839394956596,0.48154695213208676,-1.324438022564099,0.6882701435727798,0.9135954938974477,False,0,0.0
GENE5187,-0.42854408954158885,0.46128686855953027,-1.7207698909408662,0.8636817118576885,0.9072637960246164,False,0,0.0
GENE5188,0.10866051101464125,0.7624923237070931,-0.7002266450277663,0.9175476670570488,0.9751387777485206,False,0,0.0
GENE5189,-0.1458076669693229,0.592186994389156,-0.7408180772008156,0.4492027432621698,0.929563511803904,False,0,0.0
GENE5190,-0.20729894513535818,0.511832682486459,-0.8868326866666087,0.4722347963958924,0.9170564455607898,False,0,0.0
GENE5191,0.27753351303562823,0.6406255320708834,-1.0093411690156797,1.5644081950869362,0.9395669826268277,False,0,0.0
GENE5192,-0.025128891696605482,0.9588570620372149,-1.146672586831694,1.096414803438483,0.9982829190951499,False,0,0.0
GENE5193,0.9368651297916735,0.04083576163403267,0.04758546590965207,1.826144793673695,0.3476320225310971,False,0,0.0
GENE5194,0.051754320920647245,0.9346239762076285,-1.3586713337931962,1.4621799756344906,0.99585412464947,False,0,0.0
GENE5195,0.4009794276688661,0.2192276813420279,-0.29491299364789036,1.0968718489856224,0.7796421256887536,False,0,0.0
GENE5196,0.008240065038621402,0.9835323492995048,-0.8854845927500801,0.9019647228273229,0.9984045558053897,False,0,0.0
GENE5197,-0.16624727571977793,0.6640971173809652,-1.0015796543110818,0.6690851028715259,0.9446905843310412,False,0,0.0
GENE5198,0.18611170612305106,0.612857312021335,-0.6327541294479399,1.0049775416940419,0.9339453636127597,False,0,0.0
GENE5199,-0.1289083794881325,0.7043387437261448,-0.865248604464348,0.607431845488083,0.9652696057174206,False,0,0.0
GENE5200,-0.37333160322387116,0.17939928251512968,-0.9567915899155383,0.21012838346779594,0.7329531589294439,False,0,0.0
GENE5201,-0.06512303628147098,0.8516779565269308,-0.8217107885306555,0.6914647159677135,0.9803012537877377,False,0,0.0
GENE5202,-0.6320875641271986,0.11364382155142932,-1.459537645477696,0.1953625172232989,0.5946102343510202,False,0,0.0
GENE5203,-0.11875166612348842,0.7835756041237564,-1.0593144950854123,0.8218111628384354,0.9751492237835028,False,0,0.0
GENE5205,0.0038120905127803084,0.9894062012544667,-0.6395440798699472,0.6471682608955078,0.9984045558053897,False,0,0.0
GENE5206,-2.8763038719340224,8.167744464373738e-06,-3.6336713041023234,-2.1189364397657213,0.0010037038333146797,True,1,-2.467
GENE5207,0.05537191212171777,0.8755661869463507,-0.7204027587044554,0.8311465829478909,0.9828540667920449,False,0,0.0
GENE5208,-0.2764427631418691,0.4817306810724774,-1.1314918289002232,0.5786063026164849,0.9135954938974477,False,0,0.0
GENE5209,-1.497678715466571,1.1322501770560434e-05,-1.9046339468565208,-1.0907234840766211,0.0010627074311353553,True,1,-2.123
GENE5210,-0.4953633189621076,0.2423551665218188,-1.3862506002554853,0.3955239623312702,0.7934532671424102,False,0,0.0
GENE5211,-0.06251771649006344,0.7890309604158965,-0.5693886197207517,0.44435318674062485,0.9773454564229873,False,0,0.0
GENE5212,0.5180406125917165,0.3294846964477369,-0.6111027735239984,1.6471839987074315,0.8609157948871305,False,0,0.0
GENE5213,-0.31077765713752825,0.077903474823414,-0.6633440415055478,0.04178872723049126,0.4931330700335018,False,0,0.0
GENE5214,-0.7248559402328656,0.12161646700032208,-1.7078078947406843,0.2580960142749531,0.6148187695701444,False,0,0.0
GENE5215,0.1653019963582958,0.7618527140973379,-1.1042162992850753,1.4348202920016668,0.9751387777485206,False,0,0.0
GENE5216,0.3456383445482336,0.28001860065239526,-0.3437823461802655,1.0350590352767326,0.8245903224641499,False,0,0.0
GENE5217,-0.4208476029465711,0.3853466343867107,-1.466410791815676,0.6247155859225337,0.8827113054163502,False,0,0.0
GENE5218,0.12484770355949415,0.6809483085872126,-0.5401807187545575,0.7898761258735458,0.9492626214122201,False,0,0.0
GENE5219,-0.3768920575055015,0.4128715359375589,-1.3613011784446423,0.6075170634336392,0.8935502416230686,False,0,0.0
GENE5220,-0.3188271265663154,0.27074254675900616,-0.9311144627461125,0.29346020961348174,0.818170487522472,False,0,0.0
GENE5221,-0.2634819285328689,0.5253920764359807,-1.1558664440585704,0.6289025869928327,0.9170564455607898,False,0,0.0
GENE5222,-0.45295810514546986,0.4128903490174588,-1.6498322890918853,0.7439160788009456,0.8935502416230686,False,0,0.0
GENE5223,-0.3382165514346134,0.3827061799643925,-1.1636113965990675,0.4871782937298408,0.8827113054163502,False,0,0.0
GENE5224,1.357817425755929,0.0025375902854811575,0.6056265598805001,2.110008291631358,0.03885070398314175,True,1,1.52
GENE5226,1.6502679525745014,0.007182545242007526,0.6198651098304684,2.6806707953185347,0.08978181552509408,False,1,1.608
GENE5227,0.5695826119703122,0.07676254198536113,-0.07592758718715531,1.21509281112778,0.492121459392372,False,0,0.0
GENE5228,-0.054561442375509195,0.7011486958861608,-0.3653324741126621,0.25620958936164373,0.9649955918990715,False,0,0.0
GENE5229,0.28176874800207674,0.3752653146266015,-0.3953287182741242,0.9588662142782777,0.8827113054163502,False,0,0.0
GENE5230,0.16847177963411397,0.4752467534103566,-0.3680645573132517,0.7050081165814797,0.9130470213866287,False,0,0.0
GENE5231,-0.13367137258701067,0.6676516547476541,-0.8107218440244651,0.5433790988504438,0.9456065471058478,False,0,0.0
GENE5232,-0.1131508769834042,0.7647807781352027,-0.9941531039350662,0.7678513499682578,0.9751387777485206,False,0,0.0
GENE5233,0.33588554890120426,0.5024476967512839,-0.7441490228683441,1.4159201206707526,0.9170564455607898,False,0,0.0
GENE5234,-0.2885581259180725,0.49350378119895155,-1.1977287723085572,0.6206125204724122,0.9151830684205909,False,0,0.0
GENE5235,0.3643299255443164,0.31431102035524705,-0.42418972060991045,1.1528495716985434,0.8505931003877113,False,0,0.0
GENE5236,0.4144224404509407,0.14846333960293365,-0.19519766247631665,1.0240425433781981,0.6728599767446068,False,0,0.0
GENE5237,2.112643888613982,0.0008079617896098834,1.2493008807691428,2.9759868964588208,0.01645076839669608,True,1,1.468
GENE5238,-0.06073311214179711,0.8518486619532062,-0.776965219010873,0.6554989947272788,0.9803012537877377,False,0,0.0
GENE5239,-0.44276166018950747,0.08245677631149484,-0.9539927857863376,0.06846946540732268,0.5057519665068394,False,0,0.0
GENE5240,0.23986464740243374,0.5484173348472166,-0.6528171706502983,1.1325464654551658,0.9194067492772341,False,0,0.0
GENE5241,0.08790167760926604,0.8528870481922528,-0.9523944319205313,1.1281977871390634,0.9803012537877377,False,0,0.0
GENE5242,-0.37859609774853986,0.1806023306441672,-0.9699711338929736,0.2127789383958939,0.7329531589294439,False,0,0.0
GENE5243,0.23529570719912396,0.7227446594262227,-1.2029854556859385,1.6735768700841864,0.9691735388751649,False,0,0.0
GENE5244,-0.11685366219690962,0.6597235395841363,-0.6907193391456623,0.45701201475184305,0.9436081724752478,False,0,0.0
GENE5245,0.016295513443254528,0.9615629251377614,-0.7192251202556394,0.7518161471421485,0.9984045558053897,False,0,0.0
GENE5246,0.4727857308589698,0.1708004270254367,-0.24377279126682772,1.1893442529847673,0.7102078164677406,False,0,0.0
GENE5247,0.19344601529565875,0.5263603086492442,-0.46477306227404713,0.8516650928653646,0.9170564455607898,False,0,0.0
GENE5248,0.025520732360152287,0.9464249052099127,-0.8043097345062952,0.8553511992265997,0.9981153546799778,False,0,0.0
GENE5249,-0.2466667071652111,0.7494827044837127,-1.9444039430739473,1.451070528743525,0.9692418112874588,False,0,0.0
GENE5250,0.32646189515773116,0.4340025410917634,-0.5906902771768338,1.2436140674922962,0.9055806785604976,False,0,0.0
GENE5251,-0.07683339456704452,0.6811963053062859,-0.4899793236323618,0.33631253449827275,0.9492626214122201,False,0,0.0
GENE5252,0.220507774902448,0.6423125338858267,-0.8138578673649379,1.254873417169834,0.9395669826268277,False,0,0.0
GENE5253,0.06454669758969755,0.8853290096691858,-0.9157724412650226,1.0448658364444177,0.9828540667920449,False,0,0.0
GENE5254,-0.10233120870819334,0.7985755997435698,-0.9803707999625519,0.7757083825461653,0.9795284694162714,False,0,0.0
GENE5255,-0.394986659245097,0.35075277706244185,-1.3121420057487065,0.5221686872585125,0.8759953714318836,False,0,0.0
GENE5256,-0.4071864871749078,0.26182666131478094,-1.1713521016038186,0.35697912725400305,0.8130488330862804,False,0,0.0
GENE5257,0.13298591732838094,0.5815165159449789,-0.3971518564621751,0.663123691118937,0.9294936563216196,False,0,0.0
GENE5258,0.32459061000380807,0.351110841908428,-0.42755794536838865,1.0767391653760048,0.8759953714318836,False,0,0.0
GENE5259,-0.23622337186279552,0.5377608017573261,-1.061195827087953,0.588749083362362,0.9170564455607898,False,0,0.0
GENE5260,-1.6941861515453698,0.0006764766427155232,-2.46227084104693,-0.9261014620438097,0.014308058311889128,True,1,-2.963
GENE5261,0.10260824482852504,0.8677789278558704,-1.2936331994987649,1.498849689155815,0.9803012537877377,False,0,0.0
GENE5262,-0.03246675098406726,0.9291462512445888,-0.830003017322925,0.7650695153547905,0.9935375453210953,False,0,0.0
GENE5263,0.24346898008599993,0.4466933337418336,-0.4582119258406596,0.9451498860126595,0.9058232809947696,False,0,0.0
GENE5264,-0.6891565832398094,0.07914619343444318,-1.4753341236666158,0.09702095718699688,0.496234069946112,False,0,0.0
GENE5265,0.15557404708951772,0.6762951879400416,-0.6660774969796978,0.9772255911587332,0.9492626214122201,False,0,0.0
GENE5266,0.49537476526190716,0.09982527282469131,-0.12125664497253297,1.1120061754963473,0.5553659544472264,False,0,0.0
GENE5267,-0.7981234097430985,0.0211097604389101,-1.4452664134831765,-0.15098040600302043,0.21714467118149713,False,0,0.0
GENE5268,0.259973322438368,0.5400704263150311,-0.6615867804149898,1.1815334252917258,0.9170564455607898,False,0,0.0
GENE5269,0.5202193991908239,0.40371859715275865,-0.9010458616177366,1.9414846599993845,0.8915392620141253,False,0,0.0
GENE5270,-0.3116899194971232,0.38057215966655555,-1.0742158730492952,0.4508360340550487,0.8827113054163502,False,0,0.0
GENE5271,0.24652343892297002,0.62710630068634,-0.849715902399008,1.342762780244948,0.9369670967915277,False,0,0.0
GENE5272,0.1816355736332529,0.6643925172839577,-0.75312293841526,1.1163940856817658,0.9446905843310412,False,0,0.0
GENE5273,-0.21950750254633533,0.5951042575006908,-1.1438854426760567,0.704870437583386,0.929563511803904,False,0,0.0
GENE5274,0.14563910461537954,0.6309702474596111,-0.5112503790675498,0.8025285882983089,0.9369670967915277,False,0,0.0
GENE5275,-0.9881503323479155,0.0031817479485596835,-1.546247001147342,-0.43005366354848895,0.047969100751186065,False,0,0.0
GENE5276,0.09537217811845489,0.8369284249563567,-0.9133417064407829,1.1040860626776927,0.9803012537877377,False,0,0.0
GENE5277,-0.40714416911039786,0.3746675978498142,-1.3865752243299814,0.5722868861091858,0.8827113054163502,False,0,0.0
GENE5278,0.06325013065416485,0.8424191316782719,-0.6488834434082585,0.7753837047165882,0.9803012537877377,False,0,0.0
GENE5279,0.07732078074710813,0.8186493828127958,-0.6606240060023431,0.8152655674965593,0.9803012537877377,False,0,0.0
GENE5280,-0.2552060809542773,0.5394199658597381,-1.188408740251814,0.6779965783432592,0.9170564455607898,False,0,0.0
GENE5281,0.988939249049837,0.0732625224871464,-0.12239668385799951,2.1002751819576737,0.4839246886692781,False,0,0.0
GENE5282,-0.12174145395818892,0.8594237273358399,-1.6791267335592097,1.4356438256428319,0.9803012537877377,False,0,0.0
GENE5283,-0.34895218508391523,0.5261488843946756,-1.6323120322452225,0.934407662077392,0.9170564455607898,False,0,0.0
GENE5284,-0.21528709603517093,0.5198462187086533,-0.9422209231924135,0.5116467311220716,0.9170564455607898,False,0,0.0
GENE5285,-0.10635043277212652,0.7637295347019578,-0.9325465076428301,0.719845642098577,0.9751387777485206,False,0,0.0
GENE5286,1.4015952663130058,0.005893781784672336,0.5069061536151345,2.296284379010877,0.07812227533374404,False,0,0.0
GENE5287,0.346886758569231,0.5053682079642347,-0.7793405625065062,1.4731140796449682,0.9170564455607898,False,0,0.0
GENE5288,-0.059133057103077036,0.8890690690604066,-1.0276895722476809,0.9094234580415269,0.9844191032996955,False,0,0.0
GENE5289,1.3488564682382105,0.011092006648277617,0.38216056282833766,2.3155523736480834,0.1303971019663589,False,1,1.187
GENE5290,0.19133033760541807,0.6620969059539026,-0.7871945571718626,1.1698552323826987,0.9446334766735747,False,0,0.0
GENE5291,-0.08348904822778724,0.7925472538595459,-0.7766706240107203,0.6096925275551458,0.9773454564229873,False,0,0.0
GENE5292,0.03006360515883877,0.9386156766149926,-0.820480965422714,0.8806081757403915,0.9965034178020642,False,0,0.0
GENE5293,0.03473530189228402,0.946462419681045,-1.1148884328953104,1.1843590366798784,0.9981153546799778,False,0,0.0
GENE5294,-0.20571123516710887,0.4605891665246614,-0.8105413552708008,0.3991188849365831,0.9072637960246164,False,0,0.0
GENE5295,0.17971203502273525,0.681546530208875,-0.7776619801598039,1.1370860502052744,0.9492626214122201,False,0,0.0
GENE5296,0.17827642431975832,0.432208718903797,-0.31074338345748326,0.667296232097,0.9055806785604976,False,0,0.0
GENE5297,0.20963554835039844,0.5738900666814126,-0.595282997418959,1.014554094119756,0.9294936563216196,False,0,0.0
GENE5298,-0.1564653417858466,0.7407021122572457,-1.1814474374360961,0.868516753864403,0.9691735388751649,False,0,0.0
GENE5299,0.1090494504697066,0.6864565364867218,-0.47917104447487324,0.6972699454142864,0.9526178520177951,False,0,0.0
GENE5300,0.045239691037370466,0.8906548788048436,-0.6737341583489804,0.7642135404237214,0.9844191032996955,False,0,0.0
GENE5301,0.3409002192540358,0.35789446831673166,-0.4477700711010669,1.1295705096091386,0.8767711503519908,False,0,0.0
GENE5302,0.2471586537166246,0.46668065318394303,-0.5018822421210146,0.9961995495542638,0.9072637960246164,False,0,0.0
GENE5303,0.3024596211643962,0.3584008339952307,-0.39782171363496144,1.0027409559637537,0.8767711503519908,False,0,0.0
GENE5304,-0.43183482780488713,0.27349343629126666,-1.2682205085502003,0.40455085294042603,0.818170487522472,False,0,0.0
GENE5305,-0.18750851175473882,0.6279872192971057,-1.0443868568874142,0.6693698333779365,0.9369670967915277,False,0,0.0
GENE5306,-0.4059159783194364,0.3796101929377901,-1.434546842228631,0.6227148855897582,0.8827113054163502,False,0,0.0
GENE5307,0.4844552453736348,0.04966951363348763,0.0008509867928780945,0.9680595039543916,0.3908258542874027,False,0,0.0
GENE5308,0.05457970331961626,0.8577427229376656,-0.6196519135843971,0.7288113202236296,0.9803012537877377,False,0,0.0
GENE5309,0.2450201231669844,0.34066638957878725,-0.30066175415124596,0.7907020004852148,0.8679146057930393,False,0,0.0
GENE5310,0.6182554499412363,0.11455360227079442,-0.18345941377023733,1.4199703136527098,0.5969481912528205,False,0,0.0
GENE5311,-0.06057614404335432,0.8678086518864916,-0.8736959892561237,0.752543701169415,0.9803012537877377,False,0,0.0
GENE5312,2.8953195210486715,1.4045568229336164e-06,2.4386728101250337,3.3519662319723094,0.00046233328754898207,True,0,0.0
GENE5313,0.5761532240999081,0.16723347182192316,-0.2989548689735464,1.4512613171733626,0.7087684696315413,False,0,0.0
GENE5314,0.3475862651436721,0.43437011816740256,-0.6273501665380052,1.3225226968253494,0.9055806785604976,False,0,0.0
GENE5315,-0.01590758816452542,0.9643036249153926,-0.7919276895912783,0.7601125132622275,0.9984045558053897,False,0,0.0
GENE5316,0.2597238680495124,0.46308375945275815,-0.5178235962660271,1.037271332365052,0.9072637960246164,False,0,0.0
GENE5317,-0.019029898030893833,0.9712546367095511,-1.1761645654469237,1.138104769385136,0.9984045558053897,False,1,0.997
GENE5318,-0.7293390120942629,0.0154799009374583,-1.2824504981646978,-0.17622752602382807,0.1737091156334099,False,0,0.0
GENE5319,0.14246918090831606,0.6663776125637066,-0.6079015955851133,0.8928399574017454,0.9447923796219101,False,0,0.0
GENE5320,-0.1067112785384845,0.7868319565806334,-0.9626386383094192,0.7492160812324502,0.9761263280444417,False,0,0.0
GENE5321,0.20775004234202044,0.46299036882683586,-0.4290299736492874,0.8445300583333283,0.9072637960246164,False,0,0.0
GENE5322,0.06095675521566246,0.8220231725296727,-0.5331197971413585,0.6550333075726834,0.9803012537877377,False,0,0.0
GENE5323,0.17922504980962106,0.6363596816786083,-0.6400322117522287,0.9984823113714708,0.9395669826268277,False,0,0.0
GENE5324,0.2559586263790248,0.3698454345199447,-0.36934383152270966,0.8812610842807592,0.8827113054163502,False,0,0.0
GENE5325,3.2189469216496356,3.4285412958284045e-05,2.208440169569533,4.229453673729738,0.001736248476733615,True,1,2.519
GENE5326,0.2942340007599862,0.4801684534442605,-0.6235541185398449,1.2120221200598174,0.9135954938974477,False,0,0.0
GENE5327,-0.2746031641910296,0.5659266046501761,-1.4000499498098469,0.8508436214277877,0.9238088230205794,False,0,0.0
GENE5328,0.24509993775217787,0.49739370109244396,-0.5433148986738916,1.0335147741782473,0.9170564455607898,False,0,0.0
GENE5329,-0.40920303670531855,0.3528209106018747,-1.3526036582708398,0.5341975848602029,0.8759953714318836,False,0,0.0
GENE5330,0.002504502549520282,0.9946489689456587,-0.8091317181449951,0.8141407232440356,0.9984045558053897,False,0,0.0
GENE5331,-0.12080997298879126,0.8330315122469367,-1.407524671055732,1.1659047250781496,0.9803012537877377,False,0,0.0
GENE5332,-0.3457139581607471,0.3062034421510207,-1.0611413691630096,0.36971345284151547,0.8452379407343185,False,0,0.0
GENE5333,-0.49991758745433756,0.17423674535550582,-1.2660016021565133,0.2661664272478381,0.7199112386550711,False,0,0.0
GENE5334,-2.5081278271636966,7.178322547838526e-05,-3.2524227922085807,-1.7638328621188128,0.0024872257950844016,True,1,-2.686
GENE5335,-0.06927672550308372,0.9023184343596646,-1.368068652945047,1.2295152019388795,0.9862085821031199,False,0,0.0
GENE5336,-0.9581586021700703,0.06459520935908772,-1.9868545929288604,0.07053738858871972,0.4460683163783155,False,1,-1.548
GENE5337,0.14841089850918632,0.6536802382220261,-0.5874265623847125,0.8842483594030851,0.9417220614256838,False,0,0.0
GENE5338,0.03459337904959625,0.8681250090505079,-0.4183255990746948,0.4875123571738873,0.9803012537877377,False,0,0.0
GENE5339,0.1567777679974256,0.6596134824831288,-0.6345925843169595,0.9481481203118107,0.9436081724752478,False,0,0.0
GENE5340,0.2954408872462928,0.6453973480789713,-1.1152718555539967,1.7061536300465823,0.9398644329115077,False,0,0.0
GENE5341,0.1809729568217353,0.5656256171212706,-0.5077605236375071,0.8697064372809777,0.9238088230205794,False,0,0.0
GENE5342,0.3973982047545297,0.34514775965773686,-0.5260962301293021,1.3208926396383616,0.87158876089747,False,0,0.0
GENE5343,-0.1414275081360472,0.533559364264022,-0.630127838201474,0.3472728219293796,0.9170564455607898,False,0,0.0
GENE5344,-0.0077447105700265695,0.9796938592287154,-0.7054014137148009,0.6899119925747478,0.9984045558053897,False,0,0.0
GENE5345,1.3643436645502574,0.00122267974329239,0.6855180549945563,2.043169274105958,0.023352765145784365,True,1,1.051
GENE5346,-0.5025481320865186,0.3635313986369667,-1.7259062489235875,0.7208099847505502,0.8772308517010946,False,0,0.0
GENE5347,-0.5129821965114747,0.10196675720318411,-1.153468612684565,0.12750421966161574,0.5578513725104948,False,0,0.0
GENE5348,-0.23337920447470317,0.6157738056847005,-1.2855366350987112,0.8187782261493048,0.9362226837777394,False,0,0.0
GENE5349,-1.576363032693206,0.00023430123178628907,-2.098841542234956,-1.0538845231514566,0.0059326273433066784,True,1,-1.241
GENE5350,-0.07457508022584669,0.8602442653723918,-0.9944944086415574,0.845344248189864,0.9803012537877377,False,0,0.0
GENE5351,-0.4209617673952435,0.3129362871330743,-1.3201401331113582,0.4782165983208714,0.8489686361096452,False,0,0.0
GENE5352,0.2482324984931017,0.3128130005522842,-0.2973023344093533,0.7937673313955567,0.8489686361096452,False,0,0.0
GENE5353,0.07355407295586947,0.8272270425128181,-0.6580267074732506,0.8051348533849896,0.9803012537877377,False,0,0.0
GENE5354,0.0709316097476318,0.8607933115817608,-0.8087559740230381,0.9506191935183017,0.9803012537877377,False,0,0.0
GENE5355,-0.04282378647470253,0.9504478270685488,-1.545026049207758,1.459378476258353,0.9981153546799778,False,0,0.0
GENE5356,0.4584613566837952,0.13078745874164163,-0.16315778512598145,1.080080498493572,0.633101056408682,False,0,0.0
GENE5357,0.2566289011627312,0.5418521608785068,-0.6865589835305715,1.1998167858560338,0.9170564455607898,False,0,0.0
GENE5358,-0.20934060217440553,0.6777343808215701,-1.3792146622948438,0.9605334579460327,0.9492626214122201,False,0,0.0
GENE5359,-0.6106906066727271,0.07467446203163997,-1.294986898501766,0.07360568515631172,0.4867394802392374,False,0,0.0
GENE5360,0.08120009502808845,0.7525251770136705,-0.507406017414212,0.6698062074703889,0.970128736685378,False,0,0.0
GENE5361,0.2748269103644816,0.4347237183818653,-0.5043712671670938,1.0540250878960569,0.9055806785604976,False,0,0.0
GENE5362,0.010116134835599588,0.9736856326426927,-0.6639676561718008,0.6841999258429999,0.9984045558053897,False,0,0.0
GENE5363,0.4774219976970757,0.33730105248604453,-0.6192135076703869,1.5740575030645383,0.8632513705992898,False,0,0.0
GENE5364,-0.31569834776600736,0.41387047365218077,-1.159171222554857,0.5277745270228421,0.8941301545737701,False,0,0.0
GENE5365,-0.08504621720688288,0.8306137922325956,-0.9482677641258256,0.7781753297120598,0.9803012537877377,False,0,0.0
GENE5366,0.3130215881610354,0.3177412571602654,-0.35161595574743887,0.9776591320695097,0.8549577423590247,False,0,0.0
GENE5367,0.358078171271913,0.3595016623984115,-0.4825378759194946,1.1986942184633205,0.8767711503519908,False,0,0.0
GENE5368,0.9368570183144809,0.0308900380616497,0.10804040837245388,1.7656736282565078,0.2877727602441423,False,0,0.0
GENE5369,0.2154192108612376,0.6537219980833481,-0.8247804638166609,1.2556188855391361,0.9417220614256838,False,0,0.0
GENE5370,-0.44156061930740886,0.23505943494980605,-1.2289463483041176,0.3458251096892999,0.7893288060815501,False,0,0.0
GENE5371,-1.2913747730128486,2.486930805035479e-05,-1.6463155872313446,-0.9364339587943526,0.001364357872206964,True,1,-1.543
GENE5372,-0.42429294169543397,0.18464347574122383,-1.0926729821211945,0.2440870987303264,0.7370664280257528,False,0,0.0
GENE5373,-0.3473507195549601,0.3804375444921906,-1.1984672935257796,0.5037658544158595,0.8827113054163502,False,0,0.0
GENE5374,-0.426012622493094,0.2670751208215329,-1.250669902019838,0.39864465703364993,0.8144867268506248,False,0,0.0
GENE5375,-0.2822007080380189,0.44513809337616883,-1.075614538079262,0.5112131220032243,0.9058232809947696,False,0,0.0
GENE5376,0.6959856069738561,0.1804230046650931,-0.3827469104990757,1.774718124446788,0.7329531589294439,False,0,0.0
GENE5377,-0.136849752692477,0.7311169219615843,-1.0101010125088827,0.7364015071239287,0.9691735388751649,False,0,0.0
GENE5378,0.10379997475336689,0.8054674958456641,-0.8117600381628954,1.0193599876696293,0.9801179834252379,False,0,0.0
GENE5379,-0.3563678577405205,0.5150965219287966,-1.5603998438009754,0.8476641283199344,0.9170564455607898,False,0,0.0
GENE5380,0.11841171682155505,0.76616480463137,-0.7731923587849554,1.0100157924280655,0.9751387777485206,False,0,0.0
GENE5381,0.4139016792357122,0.25932177163160697,-0.3683710322578351,1.1961743907292595,0.8125186538969833,False,0,0.0
GENE5382,1.2166209641745311,0.013444979776971936,0.312481227959888,2.1207607003891744,0.1552855851433893,False,1,1.22
GENE5383,-0.05161899328671282,0.8939696372205501,-0.8929835385307037,0.789745551957278,0.9844191032996955,False,0,0.0
GENE5384,-0.012026747986991992,0.9661644557103656,-0.6318109233237793,0.6077574273497953,0.9984045558053897,False,0,0.0
GENE5385,-0.38472226156540756,0.3377978109365739,-1.2392032613146644,0.4697587381838494,0.8632513705992898,False,0,0.0
GENE5386,-0.017074192499449303,0.9750806120973048,-1.2088412130754402,1.1746928280765416,0.9984045558053897,False,0,0.0
GENE5387,-0.023049533838774394,0.9461213538286889,-0.8162609477893096,0.7701618801117608,0.9981153546799778,False,0,0.0
GENE5388,0.29943156785617653,0.15126935557818752,-0.1363855355478329,0.735248671260186,0.6822362668378774,False,0,0.0
GENE5389,0.6291627312944872,0.09552352607984899,-0.13507717009296116,1.3934026326819355,0.5399953638021241,False,0,0.0
GENE5390,0.3071291173999491,0.28709337237453475,-0.30396463015260045,0.9182228649524986,0.8248301268542327,False,0,0.0
GENE5391,-0.1650171040006203,0.7370833970218843,-1.2379175724121958,0.9078833644109552,0.9691735388751649,False,0,0.0
GENE5392,-0.39264908212814476,0.35704695827820043,-1.3045792151355426,0.5192810508792531,0.8767711503519908,False,0,0.0
GENE5393,-0.8704036529857486,0.12241955935058554,-2.0323462052713204,0.29153889929982335,0.6148187695701444,False,0,0.0
GENE5394,-0.2917958044015605,0.5838980563024639,-1.4448660151269381,0.8612744063238171,0.929563511803904,False,0,0.0
GENE5395,-0.42841681387674413,0.2501355406294386,-1.2105485787144286,0.3537149509609404,0.8059016194831015,False,0,0.0
GENE5396,-0.09799469903774138,0.7706010088422776,-0.833538871797196,0.6375494737217132,0.9751387777485206,False,0,0.0
GENE5397,-0.06791021704253097,0.8670660153556697,-0.9625244344909707,0.8267040004059087,0.9803012537877377,False,0,0.0
GENE5398,-0.2915857714689949,0.4477476861669616,-1.1147846715755583,0.5316131286375685,0.9058232809947696,False,0,0.0
GENE5399,-0.36781202560670456,0.45051795628696045,-1.419098860809768,0.683474809596359,0.9072637960246164,False,0,0.0
GENE5400,0.011963383476352618,0.9727948558386309,-0.8124865635957766,0.8364133305484819,0.9984045558053897,False,0,0.0
GENE5401,-0.531877448724992,0.03999058010658468,-1.0340856645199885,-0.02966923292999546,0.34306172248576117,False,0,0.0
GENE5402,1.086651730063073,0.027438661763492724,0.1482259666272867,2.025077493498859,0.2643480828434055,False,1,0.941
GENE5403,-0.33849820442660405,0.39027470867600755,-1.1935891700328223,0.5165927611796143,0.8869879742636535,False,0,0.0
GENE5404,-0.46833905148674315,0.2185885964489447,-1.263257000868887,0.3265788978954006,0.7796421256887536,False,0,0.0
GENE5405,-0.05404131209831853,0.8456341969937706,-0.6977535203243999,0.5896708961277628,0.9803012537877377,False,0,0.0
GENE5406,-0.26411900567871616,0.36270627259961175,-0.8856527340943998,0.3574147227369675,0.8772308517010946,False,0,0.0
GENE5407,2.92699002578105,2.593533761760529e-05,2.1439221858560886,3.7100578657060117,0.0013843862647235257,True,0,0.0
GENE5408,-0.002455657023368474,0.9953974948339117,-0.9333366033907002,0.9284252893439633,0.9984045558053897,False,0,0.0
GENE5409,-0.29567156646007753,0.3795857173258552,-1.013569010885366,0.42222587796521105,0.8827113054163502,False,0,0.0
GENE5410,-0.09034990285118738,0.8088690641904925,-0.9023597063543679,0.7216599006519931,0.9801179834252379,False,0,0.0
GENE5411,-0.6582304208294505,0.08969990105206753,-1.444325477106975,0.12786463544807392,0.5272538826721231,False,0,0.0
GENE5412,0.23800701455592144,0.48937222819044135,-0.5032687361028982,0.9792827652147411,0.9135954938974477,False,0,0.0
GENE5413,0.11811623928744286,0.7476517935813695,-0.7041368981586832,0.9403693767335689,0.9692418112874588,False,0,0.0
GENE5414,-0.06743030797065597,0.7939578848333266,-0.6277586594073448,0.49289804346603283,0.9782076247946476,False,0,0.0
GENE5415,-0.05084780747872042,0.8998146255488999,-0.9384525344454555,0.8367569194880147,0.9850860719190077,False,0,0.0
GENE5416,0.9760722439380309,0.016151741362978065,0.22350877352907772,1.7286357143469842,0.18022423272249535,False,0,0.0
GENE5417,-0.6158088690532164,0.01874433630395537,-1.1021424617910318,-0.12947527631540107,0.19903260322748312,False,0,0.0
GENE5418,-0.42803715943319265,0.33657516669305565,-1.37769270351111,0.5216183846447245,0.8632513705992898,False,0,0.0
GENE5419,0.5412666203906138,0.21246737150398431,-0.372460061971965,1.4549933027531927,0.7747185058822967,False,0,0.0
GENE5420,-0.1881931591124757,0.7304378678854597,-1.3720961101193032,0.9957097918943518,0.9691735388751649,False,0,0.0
GENE5421,0.5358018835486851,0.32731554069791147,-0.6234072875526537,1.6950110546500239,0.8607832128873172,False,0,0.0
GENE5422,-0.1086144901369206,0.8340122940088129,-1.2339719701660758,1.0167429898922347,0.9803012537877377,False,0,0.0
GENE5423,0.32693814637483065,0.43058173929895494,-0.579969637146517,1.2338459298961784,0.9055806785604976,False,0,0.0
GENE5424,-0.2771424201748802,0.5799851159798235,-1.406179752954857,0.8518949126050965,0.9294936563216196,False,0,0.0
GENE5425,0.18896409598063713,0.4666573870194123,-0.38280397987709913,0.7607321718383734,0.9072637960246164,False,0,0.0
GENE5426,0.3204684390967074,0.38623414739170236,-0.47589705535290927,1.116833933546324,0.8827113054163502,False,0,0.0
GENE5427,-0.4328524427792271,0.3633044359955401,-1.4458546251270752,0.580149739568621,0.8772308517010946,False,0,0.0
GENE5428,0.10561775818003571,0.8106952286045929,-0.8750153316717323,1.0862508480318036,0.9801179834252379,False,0,0.0
GENE5429,0.29560411095671046,0.5340820446152468,-0.729742471847199,1.32095069376062,0.9170564455607898,False,0,0.0
GENE5430,0.2582316915139211,0.4345173823994156,-0.4693161797090377,0.9857795627368799,0.9055806785604976,False,0,0.0
GENE5431,0.3381175674270249,0.4587154326909543,-0.6634984851585282,1.339733620012578,0.9072637960246164,False,0,0.0
GENE5432,-0.27843551326829363,0.5653249312667527,-1.3899927857617487,0.8331217592251614,0.9238088230205794,False,0,0.0
GENE5433,0.32411330002570216,0.6292146946752234,-1.1333486759678328,1.7815752760192372,0.9369670967915277,False,0,0.0
GENE5434,-2.1048654492184857,0.0036458604016752563,-3.3358453088850464,-0.8738855895519251,0.053735629054542024,False,1,-1.98
GENE5435,-0.20514125729381494,0.40325236696296474,-0.7372953635594355,0.3270128489718056,0.8915392620141253,False,0,0.0
GENE5436,-0.43808326685307186,0.3089351943102157,-1.3560491571604425,0.4798826234542989,0.8452379407343185,False,0,0.0
GENE5437,-0.37200929147846384,0.4790535069382489,-1.5011681691297996,0.7571495861728719,0.9135954938974477,False,0,0.0
GENE5438,-0.31059299420788733,0.22940232015818257,-0.8517357915383159,0.23054980312254125,0.7847142771576165,False,0,0.0
GENE5439,-0.22171245392065186,0.6566941470243008,-1.309932358638722,0.8665074507974182,0.9433325240572233,False,0,0.0
GENE5440,-0.2559163511417877,0.5857657751173556,-1.3050031911213316,0.7931704888377562,0.929563511803904,False,0,0.0
GENE5441,-0.22725581558863617,0.37253005603274714,-0.7883422693071812,0.3338306381299089,0.8827113054163502,False,0,0.0
GENE5442,-0.5493843610124542,0.35605408014579476,-1.817010902865677,0.7182421808407684,0.8767711503519908,False,0,0.0
GENE5443,-0.505603816101925,0.10086652946627139,-1.1290164300414538,0.1178087978376039,0.5564564125583408,False,0,0.0
GENE5444,-0.055971944598786294,0.8838014511854402,-0.8909958059969822,0.7790519167994097,0.9828540667920449,False,0,0.0
GENE5445,-0.32189603050607274,0.4774529337656839,-1.3042061962325309,0.6604141352203854,0.9135954938974477,False,0,0.0
GENE5446,-0.632134113522631,0.062385546911952805,-1.3045875307950747,0.04031930374981252,0.4400409112539528,False,0,0.0
GENE5447,-0.02952531673684078,0.9358731197090673,-0.8331334961506252,0.7740828626769436,0.99585412464947,False,0,0.0
GENE5448,-0.10786678084046031,0.7389443189159683,-0.8668801760822895,0.6511466144013689,0.9691735388751649,False,0,0.0
GENE5449,-0.9495780989032252,0.11852921046049199,-2.1948920420760034,0.295735844269553,0.6064642245064034,False,0,0.0
GENE5450,-0.062121852520474086,0.8378967527401221,-0.7270462039190089,0.6028024988780607,0.9803012537877377,False,0,0.0
GENE5451,0.26896468134904694,0.5330637993314038,-0.6699476916414462,1.20787705433954,0.9170564455607898,False,0,0.0
GENE5452,1.6681739018936605,0.003968834838397408,0.7952244279829351,2.541123375804386,0.05721495478711591,False,1,1.842
GENE5453,-0.14028604784250476,0.5868777211026861,-0.6974958336690819,0.41692373798407234,0.929563511803904,False,0,0.0
GENE5454,-0.3615236928355654,0.39520365129489354,-1.2770277785729123,0.5539803929017816,0.8915392620141253,False,0,0.0
GENE5455,-0.29660911875133245,0.38601157283542464,-1.0261041128901094,0.4328858753874446,0.8827113054163502,False,0,0.0
GENE5456,-0.3443617374865964,0.25297714298834484,-0.9829727196110003,0.29424924463780755,0.8097728645088833,False,0,0.0
GENE5457,-0.6109005127577354,0.28026822932150447,-1.8062574504456614,0.5844564249301907,0.8245903224641499,False,0,0.0
GENE5458,-0.48909760943540004,0.22916727723658825,-1.35065780790294,0.3724625890321399,0.7847142771576165,False,0,0.0
GENE5459,-2.536157554283835,0.0001640199192405514,-3.3426855438509824,-1.729629564716688,0.0046277048642869864,True,1,-2.382
GENE5460,0.0018963315871134423,0.9960556894830648,-0.8371439264419027,0.8409365896161296,0.9984045558053897,False,0,0.0
GENE5461,0.0018145564663605285,0.994950234963347,-0.6579556541771914,0.6615847671099124,0.9984045558053897,False,0,0.0
GENE5462,-1.5142976604996223,0.0005804494937752145,-2.1802523757254457,-0.8483429452737987,0.012737641668956096,True,1,-2.479
GENE5463,0.7901176055462877,0.03327973225442913,0.07656666686880476,1.5036685442237707,0.30524939784084704,False,0,0.0
GENE5464,1.8459812158929,2.1470475032059264e-05,1.3023350326856562,2.389627399100144,0.0013251308808849077,True,1,1.416
GENE5465,0.0152405483086131,0.9662374555636115,-0.7709172429278911,0.8013983395451173,0.9984045558053897,False,0,0.0
GENE5466,-1.2125983385461763,0.017883918903407788,-2.1676585297089073,-0.2575381473834454,0.1940699990891779,False,1,-1.429
GENE5467,0.5106908775750245,0.16369445097186247,-0.2732097885422772,1.2945915436923263,0.703365064691634,False,0,0.0
GENE5468,-0.4367269521232702,0.2238761851211912,-1.2015085841306212,0.328054679884081,0.7826134210394398,False,0,0.0
GENE5469,0.01173366599136827,0.9837348611551937,-1.2484009024705351,1.2718682344532717,0.9984045558053897,False,0,0.0
GENE5470,1.2381418046918213,0.0016742273978191898,0.6077474786870768,1.8685361306965658,0.028261530860623076,True,1,1.632
GENE5471,-0.41300708080748016,0.26328704687030924,-1.1895605716233875,0.363546410008427,0.8130488330862804,False,0,0.0
GENE5473,-2.5158722673393807,0.0024434408891896957,-3.907751865870149,-1.1239926688086124,0.03770152934491913,True,1,-2.976
GENE5474,-0.11397495283799941,0.6990838052077997,-0.7546258433713277,0.5266759376953288,0.9634965214831852,False,0,0.0
GENE5475,0.41619872881043385,0.3182590712564556,-0.48629731995731096,1.3186947775781785,0.8551859397707481,False,0,0.0
GENE5476,0.1507145852859786,0.5275890758934062,-0.36566775162667886,0.667096922198636,0.9170564455607898,False,0,0.0
GENE5477,-0.07633154575863266,0.8115596773819177,-0.7815332076448616,0.6288701161275962,0.9801179834252379,False,0,0.0
GENE5478,0.38256531141947026,0.29048969186793205,-0.3860124035357164,1.151143026374657,0.829139547808847,False,0,0.0
GENE5479,0.5125074597470516,0.3324196052778877,-0.6778437868908533,1.7028587063849565,0.8632513705992898,False,0,0.0
GENE5480,-0.7077727925146222,0.13201743142006855,-1.7125346326302873,0.29698904760104283,0.6374924866861501,False,0,0.0
GENE5481,-1.0320932944226633,0.008518514188602557,-1.7347201022154914,-0.329466486629835,0.10449730138192577,False,1,-1.132
GENE5482,-0.3375311318300058,0.27292692905648364,-0.9858499179392076,0.31078765427919597,0.818170487522472,False,0,0.0
GENE5483,0.11829371006316602,0.6201764997288106,-0.40878062964726103,0.6453680497735931,0.9369670967915277,False,0,0.0
GENE5484,-2.1824521235399947,0.00201057027093429,-3.222894643694036,-1.1420096033859537,0.03202319584754212,True,1,-2.359
GENE5485,-0.007680666352770871,0.9820012445153858,-0.747781572792278,0.7324202400867362,0.9984045558053897,False,0,0.0
GENE5486,-0.11496847786497266,0.6295844005876985,-0.6314172631766272,0.40148030744668184,0.9369670967915277,False,0,0.0
GENE5487,-0.04641138152861224,0.8543687066862291,-0.5978688735605588,0.5050461105033344,0.9803012537877377,False,0,0.0
GENE5488,-0.46657632989199316,0.287409208068487,-1.3963369735831581,0.4631843137991718,0.8248301268542327,False,0,0.0
GENE5489,0.5096403680145087,0.050619950080209905,-0.0016687822367880134,1.0209495182658055,0.3934060895492913,False,0,0.0
GENE5490,0.36035913512720796,0.4461047048344594,-0.6633447740173135,1.3840630442717294,0.9058232809947696,False,0,0.0
GENE5491,0.014656508755170883,0.9593670111085213,-0.6213415136774217,0.6506545311877635,0.9982875905897416,False,0,0.0
GENE5492,0.47136844979788983,0.32393661394739137,-0.5740068798230089,1.5167437794187886,0.8592350499842759,False,0,0.0
GENE5493,0.11172541370026856,0.7984963783346893,-0.8377434653030599,1.0611942927035969,0.9795284694162714,False,0,0.0
GENE5494,-0.4129852211214704,0.15420179278170257,-1.0102768046126762,0.1843063623697353,0.685386349085141,False,0,0.0
GENE5495,-0.8825927939808444,0.04824963628823362,-1.7559921333979243,-0.009193454563764525,0.3858017476488316,False,0,0.0
GENE5496,0.7541679530599579,0.079424338955143,-0.10650257704558586,1.6148384831655016,0.49640211846964377,False,0,0.0
GENE5497,-0.06889571504638292,0.8651365116411439,-0.9522061828250098,0.814414752732244,0.9803012537877377,False,0,0.0
GENE5498,0.387440500179812,0.2553575185062464,-0.32940774564907893,1.104288746008703,0.8121273736712344,False,0,0.0
GENE5499,0.4995979969085105,0.3947172785946848,-0.8491070759000541,1.848303069717075,0.8915392620141253,False,0,0.0
GENE5500,0.08200899925231786,0.8597024773209566,-0.9260759565844199,1.0900939550890556,0.9803012537877377,False,0,0.0
GENE5501,-0.06643711024779009,0.8477470760713726,-0.8246424578524475,0.6917682373568673,0.9803012537877377,False,0,0.0
GENE5502,-0.00663101719568715,0.9825466225047941,-0.6678286298868696,0.6545665954954953,0.9984045558053897,False,0,0.0
GENE5503,-0.5392266489347808,0.055632113742701814,-1.0948666133433391,0.016413315473777557,0.40845139272058023,False,0,0.0
GENE5504,-0.1572590604257016,0.638256312170304,-0.8858039095011205,0.5712857886497174,0.9395669826268277,False,0,0.0
GENE5505,0.018010519105807532,0.9500082321930305,-0.6072787146526956,0.6432997528643106,0.9981153546799778,False,0,0.0
GENE5507,0.28301986119158373,0.45492139331968195,-0.5281882978962438,1.0942280202794112,0.9072637960246164,False,0,0.0
GENE5508,0.22592593336044953,0.5442389608501401,-0.5853681037240644,1.0372199704449634,0.9171262352210127,False,0,0.0
GENE5509,-0.09586194725867436,0.8547611053741856,-1.2419293511201617,1.050205456602813,0.9803012537877377,False,0,0.0
GENE5510,0.07371605602583964,0.8093475311473933,-0.5994444515885257,0.7468765636402049,0.9801179834252379,False,0,0.0
GENE5511,0.07565510517417984,0.7989976527744876,-0.5692585633594706,0.7205687737078302,0.9795284694162714,False,0,0.0
GENE5512,-0.309379799845404,0.4680741846486127,-1.2558584078157278,0.6370988081249198,0.9072637960246164,False,0,0.0
GENE5513,-0.0238510011239379,0.918451307874614,-0.5444315596909536,0.4967295574430778,0.9890016312598906,False,0,0.0
GENE5514,2.2106737552065265,5.119785932999359e-05,1.4831120689482498,2.938235441464803,0.002151399408015688,True,1,1.778
GENE5515,-1.217822283663744,0.006944749852372529,-1.9778889125536567,-0.4577556547738314,0.08792231383612657,False,1,-1.72
GENE5516,-0.1743793631501669,0.38723135090376126,-0.6041997842584008,0.25544105795806704,0.8827113054163502,False,0,0.0
GENE5517,0.22851369338507244,0.38380840233544233,-0.3358643285284666,0.7928917152986115,0.8827113054163502,False,0,0.0
GENE5518,-0.12934840262963654,0.7639237010007991,-1.0633923771759046,0.8046955719166314,0.9751387777485206,False,0,0.0
GENE5519,0.3823455288065327,0.4154542081074809,-0.6210657491593725,1.385756806772438,0.8941301545737701,False,0,0.0
GENE5520,0.21568892800647177,0.46351923537356643,-0.44727707312784093,0.8786549291407845,0.9072637960246164,False,0,0.0
GENE5521,-0.20363646071880837,0.5917057983996636,-1.0426883138364373,0.6354153923988205,0.929563511803904,False,0,0.0
GENE5522,-0.06888727341924472,0.8540444353001391,-0.9478900208526981,0.8101154740142087,0.9803012537877377,False,0,0.0
GENE5523,0.17958912066703014,0.7291547026451473,-0.9444350587720669,1.3036133001061272,0.9691735388751649,False,0,0.0
GENE5524,-0.16240384676962094,0.4662115976597171,-0.6418015114303373,0.3169938178910954,0.9072637960246164,False,0,0.0
GENE5525,-0.8854653882289911,0.014086187317283918,-1.5412690669111333,-0.22966170954684895,0.16081051995165166,False,1,-1.098
GENE5526,-0.10707977542665326,0.6868570387334664,-0.7289784118709824,0.5148188610176759,0.9526178520177951,False,0,0.0
GENE5527,-0.6402734834905566,0.24312890106733162,-1.8609583642230276,0.5804113972419145,0.7934532671424102,False,0,0.0
GENE5528,0.36857026327515907,0.43426896322564923,-0.6417438089890466,1.3788843355393647,0.9055806785604976,False,0,0.0
GENE5529,-0.23613599929363893,0.5368984072379712,-1.0825376797844943,0.6102656811972166,0.9170564455607898,False,0,0.0
GENE5530,-0.4764530106039113,0.23479598275821978,-1.3209415288170687,0.3680355076092461,0.7893288060815501,False,0,0.0
GENE5531,-0.2761759659992471,0.39721451288858284,-1.0143658342255697,0.4620139022270756,0.8915392620141253,False,0,0.0
GENE5532,0.12793967507515092,0.46810218134130843,-0.2688726524988985,0.5247520026492003,0.9072637960246164,False,0,0.0
GENE5533,-0.3899749088577593,0.17902840196222033,-0.993428064163615,0.21347824644809632,0.7329531589294439,False,0,0.0
GENE5534,-0.0414732460026519,0.9198193080873305,-0.9419047883005929,0.8589582962952891,0.9890016312598906,False,0,0.0
GENE5535,-0.36131970691600124,0.3600310900939061,-1.2023894550114869,0.4797500411794845,0.8767711503519908,False,0,0.0
GENE5536,0.11862385232030648,0.8215514474846286,-1.0568885456037795,1.2941362502443925,0.9803012537877377,False,0,0.0
GENE5537,0.2385168395318238,0.557506052706458,-0.6386499350513304,1.115683614114978,0.9235527230959638,False,0,0.0
GENE5538,0.41892849593704184,0.05872605545905762,-0.018848495255921194,0.8567054871300048,0.42484966861406154,False,0,0.0
GENE5539,0.24992486951438142,0.5734847118920445,-0.7374592909389436,1.2373090299677063,0.9294936563216196,False,0,0.0
GENE5540,0.1583394730701766,0.6768577819238167,-0.6636476364409287,0.9803265825812819,0.9492626214122201,False,0,0.0
GENE5541,-0.5952963076424185,0.03338423794107492,-1.1326751175903356,-0.057917497694501496,0.30524939784084704,False,0,0.0
GENE5542,-0.5776657665310267,0.07844348011460997,-1.2420064403053002,0.08667490724324656,0.4933945007208748,False,0,0.0
GENE5543,0.05177902955366065,0.9130785691322152,-1.0384299753022523,1.1419880344095736,0.9890016312598906,False,0,0.0
GENE5544,-0.181867315804769,0.6421353839268333,-1.0850934942786004,0.7213588626690624,0.9395669826268277,False,0,0.0
GENE5545,-0.2905616642570301,0.4463516330789702,-1.1072951028363212,0.5261717743222609,0.9058232809947696,False,0,0.0
GENE5546,-0.18684562168298058,0.670346160686045,-1.136939637252644,0.7632483938866826,0.947019790668769,False,0,0.0
GENE5547,0.24947152767434222,0.41816113604043414,-0.4254705822531175,0.924413637601802,0.8967081907490309,False,0,0.0
GENE5548,0.4635087447192774,0.25956186762997574,-0.41291561966018764,1.3399331090987423,0.8125186538969833,False,0,0.0
GENE5549,1.255353613974539,0.017030233152366923,0.32485281738002014,2.185854410569058,0.1858271297012413,False,1,0.92
GENE5550,-0.16765546504391704,0.7050393029635637,-1.2154617865048367,0.8801508564170026,0.9652696057174206,False,0,0.0
GENE5551,-0.10416549271307307,0.8274519646384844,-1.184927715575549,0.976596730149403,0.9803012537877377,False,0,0.0
GENE5552,-0.19631677229549505,0.6003665875436748,-1.0164126594027327,0.6237791148117428,0.9330779399297339,False,0,0.0
GENE5553,-0.20417384563897212,0.4460500690579011,-0.7810293155312047,0.37268162425326046,0.9058232809947696,False,0,0.0
GENE5554,-1.5003783186570323,0.000758772220376891,-2.2001372989430656,-0.8006193383709987,0.015699994522016706,True,1,-2.186
GENE5555,0.1308781388955218,0.7443836656025931,-0.7391939960912457,1.0009502738822893,0.9692418112874588,False,0,0.0
GENE5556,0.5727550988690906,0.18936053690979981,-0.37464316208174986,1.520153359819931,0.7420378182477274,False,0,0.0
GENE5557,0.4834940041044682,0.19146662449267302,-0.2988237419304157,1.2658117501393522,0.7448909403804614,False,0,0.0
GENE5558,0.7475466573521743,0.33408579491632134,-0.9422843902982958,2.4373777050026444,0.8632513705992898,False,0,0.0
GENE5559,1.4522534741557416,0.0032183720210360142,0.612498805219091,2.292008143092392,0.04815367228444036,True,0,0.0
GENE5560,-0.04278102439914466,0.9258785090924773,-1.095098684186351,1.0095366353880617,0.9924306956389631,False,0,0.0
GENE5561,0.35783573116160916,0.3246601250708473,-0.4124802318846297,1.128151694207848,0.8592350499842759,False,0,0.0
GENE5562,-0.05650494032964426,0.9200485754838883,-1.313502418901645,1.2004925382423566,0.9890016312598906,False,0,0.0
GENE5563,-0.4409998341852881,0.5417217023846455,-2.0056326999827503,1.1236330316121743,0.9170564455607898,False,0,0.0
GENE5564,0.014785286728892899,0.9586330123892199,-0.607911132780616,0.6374817062384018,0.9982829190951499,False,0,0.0
GENE5565,2.092918136637642,0.0006141061491759095,1.151281180976448,3.0345550922988362,0.013183257006765448,True,1,2.423
GENE5566,0.1992676999850822,0.618477619824787,-0.6676684157103902,1.0662038156805544,0.9369670967915277,False,0,0.0
GENE5567,0.2248416206658117,0.4363858641028787,-0.4014514959327862,0.8511347372644096,0.9055806785604976,False,0,0.0
GENE5568,-0.025812914768618356,0.955312675654538,-1.0325852275346246,0.9809593979973878,0.9981153546799778,False,0,0.0
GENE5569,0.20659898839268376,0.5659616890896546,-0.647936338457926,1.0611343152432935,0.9238088230205794,False,0,0.0
GENE5570,-0.6795561120817584,0.23941696360779774,-1.9128517724962,0.5537395483326832,0.7920410437611398,False,0,0.0
GENE5571,-0.2545898735178058,0.3813951326209012,-0.8743697268632058,0.36518997982759416,0.8827113054163502,False,0,0.0
GENE5572,2.2367979597938463,1.3032317888093181e-05,1.651088422450128,2.8225074971375648,0.0010627074311353553,True,1,2.034
GENE5573,-0.3622230330359537,0.38973415316957827,-1.2641628846799398,0.5397168186080324,0.8867798992049736,False,0,0.0
GENE5574,-0.016943679423268243,0.9739031562280132,-1.2042100206988637,1.1703226618523273,0.9984045558053897,False,0,0.0
GENE5575,-0.16387780933554064,0.7649150348710907,-1.3528065291174647,1.0250509104463834,0.9751387777485206,False,0,0.0
GENE5576,0.4782822103842026,0.11651816866286718,-0.15502278215483312,1.1115872029232383,0.5992796435134445,False,0,0.0
GENE5577,0.48861790391036086,0.24851191921926938,-0.4026959048219252,1.379931712642647,0.8019788242778709,False,0,0.0
GENE5578,-0.13950274677620822,0.19184292913470263,-0.3616937239593594,0.08268823040694298,0.7448909403804614,False,0,0.0
GENE5579,0.5647203592717078,0.17524982101028552,-0.3095590500537717,1.4389997685971874,0.7225853789046219,False,0,0.0
GENE5580,0.014033572264530392,0.944849105412567,-0.437135371384309,0.4652025159133698,0.9981153546799778,False,0,0.0
GENE5581,-0.4812885772853033,0.11162558973806544,-1.1110229737727024,0.14844581920209587,0.5891667795133901,False,1,-0.803
GENE5582,-0.10421064251957812,0.7313406241868539,-0.7630011414748413,0.5545798564356851,0.9691735388751649,False,0,0.0
GENE5583,-1.0333292977481636,0.04536642725379102,-2.04073772797257,-0.02592086752375744,0.3672077615829396,False,0,0.0
GENE5584,0.08279746091777618,0.7446813742817041,-0.4683603467406646,0.633955268576217,0.9692418112874588,False,0,0.0
GENE5585,-0.14203932086797266,0.7390503611157859,-1.113072437490624,0.8289937957546788,0.9691735388751649,False,0,0.0
GENE5587,-0.40631450593108553,0.1455571676354795,-0.979926974508511,0.1672979626463399,0.6639154874828452,False,0,0.0
GENE5588,-0.10514825052129861,0.5051886603172615,-0.46889715567731854,0.2586006546347213,0.9170564455607898,False,0,0.0
GENE5589,-0.38875591442558743,0.4636333713509929,-1.5276991513765528,0.7501873225253779,0.9072637960246164,False,0,0.0
GENE5590,0.018690500869453786,0.9481381547707868,-0.6322529524697581,0.6696339542086657,0.9981153546799778,False,0,0.0
GENE5591,0.14919827301935928,0.675189472061377,-0.6473855783065174,0.945782124345236,0.9492626214122201,False,0,0.0
GENE5592,-0.2279499404392249,0.4848664827071275,-0.9293097771193859,0.4734098962409361,0.9135954938974477,False,0,0.0
GENE5593,-0.14980294439768826,0.7226744993314309,-1.0664316783201104,0.7668257895247339,0.9691735388751649,False,0,0.0
GENE5594,-0.2715655085951658,0.39826306834376546,-1.0122956968903856,0.46916467970005393,0.8915392620141253,False,0,0.0
GENE5595,0.0058457986881670365,0.9870035252671456,-0.7987862491214225,0.8104778464977566,0.9984045558053897,False,0,0.0
GENE5596,0.07069374417935315,0.8107657948571453,-0.5726657098686793,0.7140531982273856,0.9801179834252379,False,0,0.0
GENE5597,1.773452197616705,0.001736764173093368,0.939633523622459,2.607270871610951,0.028666626162287004,True,1,1.378
GENE5598,-1.42225434325597,0.004504605056038725,-2.2831017599819203,-0.5614069265300198,0.0635471070405463,False,1,-1.022
GENE5599,-0.07253301645661825,0.7725880843144086,-0.6175519373632017,0.4724859044499652,0.9751387777485206,False,0,0.0
GENE5600,-0.661929135159169,0.09957142717734964,-1.485981454618634,0.16212318430029615,0.5553659544472264,False,0,0.0
GENE5601,0.3806730235535616,0.402217969270799,-0.5926633418179694,1.3540093889250926,0.8915392620141253,False,0,0.0
GENE5602,-0.047373401412261984,0.8810028908009144,-0.7965941327870635,0.7018473299625395,0.9828540667920449,False,0,0.0
GENE5603,-0.04017134142560863,0.9040518699363278,-0.7704697089861414,0.6901270261349242,0.9863796319856154,False,0,0.0
GENE5604,0.2115269385751697,0.5784679749792281,-0.619707004723233,1.0427608818735723,0.9294936563216196,False,0,0.0
GENE5605,-0.02079368341269383,0.9656951094502033,-1.0924662847210351,1.0508789178956475,0.9984045558053897,False,0,0.0
GENE5606,-0.00942830883596768,0.9858199096078398,-1.1668181704515534,1.147961552779618,0.9984045558053897,False,0,0.0
GENE5607,0.4115162729198589,0.08366760815084862,-0.06620569204334154,0.8892382378830594,0.5063951102963431,False,0,0.0
GENE5608,-0.12435431057533641,0.7226768973332678,-0.9193874592841373,0.6706788381334645,0.9691735388751649,False,0,0.0
GENE5609,-0.37498174831102205,0.13830540974720518,-0.8943311430370544,0.14436764641501032,0.6553578314108905,False,0,0.0
GENE5610,-0.43011469358973553,0.18233450404867715,-1.1206944140629098,0.26046502688343875,0.7358399751247694,False,0,0.0
GENE5611,-0.20520746823927638,0.486787446613984,-0.8411397437655375,0.4307248072869847,0.9135954938974477,False,0,0.0
GENE5612,0.1290110891783316,0.7313720395760999,-0.6877963715684575,0.9458185499251207,0.9691735388751649,False,0,0.0
GENE5613,-0.4655425580287016,0.1578228282788931,-1.1451308290748907,0.21404571301748754,0.6891274203154324,False,0,0.0
GENE5614,0.548088354345289,0.033918800821075915,0.05193519823499193,1.0442415104555862,0.3087079798231564,False,0,0.0
GENE5615,0.08802382278869914,0.7805872091158177,-0.6244740480521032,0.8005216936295014,0.9751387777485206,False,0,0.0
GENE5616,-0.6313286498803645,0.03709078381821425,-1.2163334245074844,-0.04632387525324477,0.3270281162543444,False,0,0.0
GENE5617,-0.2137973656953669,0.5664468276850236,-1.0318800750281985,0.6042853436374648,0.9238088230205794,False,0,0.0
GENE5618,-0.2309273912198062,0.5188472049816046,-1.0092320612723744,0.547377278832762,0.9170564455607898,False,0,0.0
GENE5619,0.16265646483729768,0.6036582204176766,-0.5135171349296097,0.8388300646042051,0.9330779399297339,False,0,0.0
GENE5620,0.362245646277902,0.3515069509236358,-0.4978779242121346,1.2223692167679387,0.8759953714318836,False,0,0.0
GENE5621,0.2001462619012635,0.5438338265938063,-0.5113934756101917,0.9116859994127187,0.9171262352210127,False,0,0.0
GENE5622,0.5438260611024872,0.22624738592007346,-0.39882012201280925,1.4864722442177838,0.7836781848434963,False,0,0.0
GENE5623,-1.1094262148582317,0.006432158119850491,-1.8043007013446075,-0.41455172837185583,0.08357573872832053,False,1,-1.169
GENE5624,-0.21848686019611385,0.5415459066088675,-0.9922161896647302,0.5552424692725025,0.9170564455607898,False,0,0.0
GENE5625,-0.3405017775396715,0.42221706151979166,-1.2713096060474216,0.5903060509680785,0.9034438748662931,False,0,0.0
GENE5626,0.8378554795625273,0.13307080075048586,-0.3303154658404266,2.006026424965481,0.6394025277235805,False,1,1.797
GENE5627,-0.407633211684157,0.38222444731731586,-1.41762696678186,0.602360543413546,0.8827113054163502,False,0,0.0
GENE5628,-0.19775485106488944,0.5422800592600715,-0.9002357290744241,0.5047260269446452,0.9170564455607898,False,0,0.0
GENE5629,-0.35943615941521756,0.35072664874463977,-1.2044884928587485,0.4856161740283135,0.8759953714318836,False,0,0.0
GENE5630,1.4498469403931504,0.00023316394445712922,0.8726215671700583,2.0270723136162427,0.0059326273433066784,True,1,1.594
GENE5631,-0.513652789304075,0.1515543125750429,-1.2725809206963283,0.24527534208817836,0.6822362668378774,False,0,0.0
GENE5632,0.009764608269012598,0.9581211895957237,-0.3962867242489793,0.4158159407870045,0.9982829190951499,False,0,0.0
GENE5633,3.629728574548266,8.611690950696569e-05,2.480750415741101,4.778706733355431,0.0028827270555297838,True,0,0.0
GENE5634,-0.6193400157304096,0.15806315007741312,-1.5293813101227962,0.2907012786619768,0.6891274203154324,False,0,0.0
GENE5635,0.09723345396917082,0.7666490733853926,-0.635956068349548,0.8304229762878896,0.9751387777485206,False,0,0.0
GENE5636,-0.13801336533230746,0.633836216563364,-0.7959232482219202,0.5198965175573053,0.9395669826268277,False,0,0.0
GENE5638,0.3433258923147946,0.11050266071698224,-0.09358242568983527,0.7802342103194244,0.5885461010676082,False,0,0.0
GENE5639,-0.6773920065850465,0.04939976819138085,-1.352524776116605,-0.0022592370534879613,0.3902581687119087,False,0,0.0
GENE5640,0.25697425348743685,0.5252570571891557,-0.6250301591422286,1.1389786661171022,0.9170564455607898,False,0,0.0
GENE5641,0.04104769036420386,0.8974952370251724,-0.702299027026685,0.7843944077550927,0.9850860719190077,False,0,0.0
GENE5642,0.0221052762493521,0.9607127322947709,-0.9693018240950991,1.0135123765938032,0.9984045558053897,False,0,0.0
GENE5643,-0.025174348299712435,0.9607898806946136,-1.1414041086385251,1.0910554120391003,0.9984045558053897,False,0,0.0
GENE5644,0.2512182258717939,0.3366216323579315,-0.3154826104142282,0.817919062157816,0.8632513705992898,False,0,0.0
GENE5645,0.6575814088741074,0.1604092114436818,-0.3343089506099346,1.6494717683581495,0.6962817419808166,False,0,0.0
GENE5646,0.5505547666693529,0.36117194663289576,-0.7352851399547544,1.8363946732934602,0.8772308517010946,False,0,0.0
GENE5647,-0.4153741222680907,0.2564470488124971,-1.2075803813087007,0.37683213677251925,0.8125186538969833,False,0,0.0
GENE5648,-0.24479748670194823,0.4118921874475705,-0.8821962175960583,0.3926012441921618,0.8935502416230686,False,0,0.0
GENE5649,-0.12146629130501907,0.6483390515382602,-0.7057290207549678,0.46279643814492966,0.9415364642766733,False,0,0.0
GENE5650,0.3264135276507494,0.18874129004363485,-0.18967075282022672,0.8424978081217255,0.7413713948149088,False,0,0.0
GENE5651,0.2737048831873081,0.606348664833446,-0.9017044041517324,1.4491141705263486,0.9330779399297339,False,0,0.0
GENE5652,-1.558501607347527,0.0015160692817554765,-2.3123037237857065,-0.8046994909093478,0.027699176938774158,True,1,-1.76
GENE5653,0.5701196806340594,0.10608505256086465,-0.16058704942334756,1.3008264106914664,0.5724534940101302,False,0,0.0
GENE5654,0.2706710927259923,0.3760618925620365,-0.38164957438914515,0.9229917598411298,0.8827113054163502,False,0,0.0
GENE5655,-0.31748889315474216,0.36337411739972725,-1.0715755997958083,0.4365978134863241,0.8772308517010946,False,0,0.0
GENE5656,-0.04805315051631909,0.9312397197600354,-1.2638300974011754,1.1677237963685372,0.9941613224465242,False,0,0.0
GENE5657,-0.4820157872496278,0.3288892267436547,-1.5830010924329325,0.6189695179336769,0.8609157948871305,False,0,0.0
GENE5658,-3.112413549308182,0.0001482574230098524,-4.245588261441641,-1.9792388371747225,0.0042436001513689635,True,1,-2.485
GENE5659,0.3952609859239633,0.14236570832890103,-0.16070119095603674,0.9512231628039634,0.6631421555414612,False,0,0.0
GENE5660,0.004200894367182073,0.9917983586958328,-0.9454090160093538,0.9538108047437179,0.9984045558053897,False,0,0.0
GENE5661,0.43969193525005146,0.14014107308031193,-0.1720616411887097,1.0514455116888126,0.6589967126990859,False,0,0.0
GENE5662,-0.18925707727600205,0.5603054240035331,-0.9158277769843537,0.5373136224323496,0.9235527230959638,False,0,0.0
GENE5663,-0.42859934790004317,0.1121654223276125,-0.9774103849310785,0.12021168913099212,0.5891667795133901,False,0,0.0
GENE5664,-0.4006312991954366,0.5490355345020571,-1.9231619246943363,1.1218993263034631,0.9194067492772341,False,0,0.0
GENE5665,-0.44909079294972987,0.22451508194829972,-1.2223164166863834,0.3241348307869235,0.7826134210394398,False,0,0.0
GENE5666,-0.23515738055494673,0.4178164600700295,-0.8627490560881707,0.3924342949782772,0.8967081907490309,False,0,0.0
GENE5667,-0.49914522302128495,0.3711614709788671,-1.6871118861604866,0.6888214401179167,0.8827113054163502,False,0,0.0
GENE5668,0.10022814570564931,0.8643146621490415,-1.1976811761402304,1.398137467551529,0.9803012537877377,False,0,0.0
GENE5669,-0.2313691638119657,0.3308532092756112,-0.7397044982049634,0.276966170581032,0.8609157948871305,False,0,0.0
GENE5670,0.0064371163686951505,0.9843587364343909,-0.7111758133532848,0.7240500460906751,0.9984045558053897,False,0,0.0
GENE5671,-0.18868502951355204,0.6040713897920824,-0.9836625122402324,0.6062924532131283,0.9330779399297339,False,0,0.0
GENE5672,-0.30685056669830235,0.4616227829480367,-1.2410072806027932,0.6273061472061886,0.9072637960246164,False,0,0.0
GENE5673,-0.0171171401842809,0.9535380033970668,-0.6603627079593577,0.6261284275907959,0.9981153546799778,False,0,0.0
GENE5674,-0.04073166048187238,0.9301731049250705,-1.081579278692349,1.0001159577286043,0.993676297025769,False,0,0.0
GENE5675,0.03702962868550497,0.93028226491172,-0.8876117120972257,0.9616709694682356,0.993676297025769,False,0,0.0
GENE5676,-0.00995633917931471,0.9812434134378879,-0.94575208145,0.9258394030913706,0.9984045558053897,False,0,0.0
GENE5677,0.3488380057557219,0.2862291022843296,-0.3511379389329,1.0488139504443437,0.8248301268542327,False,0,0.0
GENE5678,-0.25862505675511027,0.21092079801859775,-0.6926692498037232,0.17541913629350264,0.7747185058822967,False,0,0.0
GENE5679,-0.7390166772290754,0.0167264910655058,-1.3128190330838247,-0.165214321374326,0.18352677696874417,False,0,0.0
GENE5680,0.07851874260883562,0.8058320607036924,-0.6506736549448165,0.8077111401624878,0.9801179834252379,False,0,0.0
GENE5681,0.026546053692452887,0.9114489518066536,-0.5024763915989612,0.555568498983867,0.9890016312598906,False,0,0.0
GENE5682,0.6210743160625443,0.1942028767107716,-0.39630655606818865,1.6384551881932772,0.7459075961570644,False,0,0.0
GENE5683,1.4286537481486876,0.004781931421358826,0.5579132833036505,2.299394212993725,0.06558551775822001,False,1,1.84
GENE5684,-0.12161898728080534,0.6449456979060502,-0.6954674414500513,0.4522294668884407,0.9398644329115077,False,0,0.0
GENE5685,0.5356703855939937,0.08703841852789548,-0.09690734471910323,1.1682481159070908,0.5198347905474232,False,0,0.0
GENE5686,0.6988908612290432,0.08001632454646414,-0.10657662113116595,1.5043583435892525,0.49751507795169797,False,0,0.0
GENE5687,0.04324022838057662,0.8935340989218167,-0.6626086726606258,0.7490891294217791,0.9844191032996955,False,0,0.0
GENE5688,-0.034817955051149596,0.9413382457840622,-1.0733832885489942,1.003747378446695,0.996864574965185,False,0,0.0
GENE5689,-0.5686499762486039,0.08276754797115449,-1.2261002983734584,0.08880034587625052,0.5060864001332201,False,0,0.0
GENE5690,0.1980698044808369,0.5479875088092829,-0.5118176014895222,0.9079572104511959,0.9194067492772341,False,0,0.0
GENE5691,-0.29813488676590794,0.5825877601243314,-1.5555670437235583,0.9592972701917424,0.9294936563216196,False,0,0.0
GENE5692,-0.08971573164300573,0.8575650385548369,-1.2333153555366927,1.0538838922506812,0.9803012537877377,False,0,0.0
GENE5693,-0.46062953475595614,0.42595381658474274,-1.7005438528680887,0.7792847833561765,0.9055806785604976,False,0,0.0
GENE5694,0.020144709555625973,0.9528111407402389,-0.7735295351347922,0.8138189542460441,0.9981153546799778,False,0,0.0
GENE5695,-0.0547845709732,0.9393836270200917,-1.6753284845602687,1.5657593426138687,0.9965034178020642,False,0,0.0
GENE5696,-0.34477248398484495,0.3514834875122984,-1.1372437520708263,0.4476987841011364,0.8759953714318836,False,0,0.0
GENE5697,-0.8519554520715942,0.16417787079637633,-2.1408595581096406,0.4369486539664522,0.703365064691634,False,0,0.0
GENE5698,0.4320061699526363,0.3069722632223223,-0.47173142742954033,1.335743767334813,0.8452379407343185,False,0,0.0
GENE5699,0.14931732833564149,0.7429616793636817,-0.854198042024366,1.152832698695649,0.9692418112874588,False,0,0.0
GENE5700,0.24162214571870066,0.5765881827730444,-0.7725716327858523,1.2558159242232536,0.9294936563216196,False,0,0.0
GENE5701,0.18882677823597227,0.436436276075719,-0.33032252134528006,0.7079760778172246,0.9055806785604976,False,0,0.0
GENE5702,-0.20663118066342268,0.6088235513180789,-1.1191344021573602,0.7058720408305149,0.9331765799094076,False,0,0.0
GENE5703,-0.7396898909473988,0.09291680780340912,-1.6350492188776466,0.15566943698284907,0.532179172123079,False,0,0.0
GENE5704,-0.1712454140910964,0.5193999790622799,-0.7427692835820351,0.4002784553998423,0.9170564455607898,False,0,0.0
GENE5705,0.081086796043504,0.845875728421619,-0.8393108695814102,1.0014844616684182,0.9803012537877377,False,0,0.0
GENE5706,-0.8916932768205736,0.02416694397120195,-1.640048354951794,-0.14333819868935338,0.24228281392448656,False,0,0.0
GENE5707,-2.785652337279998,0.0019985814820169625,-4.218088378000278,-1.353216296559718,0.03202319584754212,True,1,-2.919
GENE5708,0.27867436949852076,0.4828131524363647,-0.5945259787164361,1.1518747177134776,0.9135954938974477,False,0,0.0
GENE5709,0.30798668847301247,0.2870087976271614,-0.3027152188657194,0.9186885958117443,0.8248301268542327,False,0,0.0
GENE5710,0.29544456784593276,0.501281214749353,-0.6511516987700472,1.2420408344619127,0.9170564455607898,False,0,0.0
GENE5711,-0.07090246714398418,0.8597007329078541,-1.001670792727634,0.8598658584396658,0.9803012537877377,False,0,0.0
GENE5712,0.30069542919225745,0.5561053784331105,-0.8155411486277526,1.4169320070122675,0.9232594227687783,False,0,0.0
GENE5713,-0.2619670541560719,0.4047320893492461,-0.9330714959953296,0.40913738768318575,0.8915392620141253,False,0,0.0
GENE5714,-1.6499344772177476,0.006781194613389351,-2.721635629629114,-0.5782333248063811,0.08640554426738044,False,1,-1.152
GENE5715,0.1902031675167617,0.726229371891543,-1.0719680976390573,1.4523744326725807,0.9691735388751649,False,0,0.0
GENE5716,0.05776140110639094,0.88680807444224,-0.8239565578915709,0.9394793601043527,0.9828540667920449,False,0,0.0
GENE5717,-0.3206441379325513,0.3873469890442136,-1.1431490018347357,0.501860725969633,0.8827113054163502,False,0,0.0
GENE5718,0.0981609480036072,0.7696819145505839,-0.6294010988745565,0.8257229948817709,0.9751387777485206,False,0,0.0
GENE5719,-0.3064521389543531,0.15164644108446998,-0.7464697812292257,0.13356550332051953,0.6822362668378774,False,0,0.0
GENE5721,1.6134162246949773,0.0017285166822770448,0.8105912195264595,2.4162412298634948,0.028666626162287004,True,1,1.841
GENE5722,-0.6015604166371449,0.3592230151943024,-2.0378388522996556,0.8347180190253656,0.8767711503519908,False,0,0.0
GENE5723,2.0756361548284863,0.0014197329602718893,1.059384806330457,3.0918875033265154,0.026205351369504498,True,1,1.924
GENE5724,-0.5580672085729148,0.19197442463476194,-1.4472561265661201,0.3311217094202906,0.7448909403804614,False,0,0.0
GENE5725,0.08033611374314997,0.764143615993043,-0.502300088231086,0.6629723157173859,0.9751387777485206,False,0,0.0
GENE5726,-0.3295406871023321,0.39837337683362967,-1.2191753266234588,0.5600939524187946,0.8915392620141253,False,0,0.0
GENE5727,-0.11670900727290512,0.763701259995498,-0.9603202101663929,0.7269021956205827,0.9751387777485206,False,0,0.0
GENE5728,-0.20256817520691728,0.7599206008449821,-1.6677754923220238,1.2626391419081893,0.9751387777485206,False,0,0.0
GENE5729,0.803321490660557,0.13912411283725537,-0.3374976234554503,1.9441406047765644,0.6557759495312157,False,0,0.0
GENE5730,0.08888098817066137,0.8192368209531059,-0.768665093868238,0.9464270702095607,0.9803012537877377,False,0,0.0
GENE5731,-0.28720033537758294,0.4289734091177616,-1.0744328962142982,0.5000322254591324,0.9055806785604976,False,0,0.0
GENE5732,0.42598314681459293,0.12280578032745698,-0.1372123260450877,0.9891786196742736,0.6148187695701444,False,0,0.0
GENE5733,-0.3371029863103021,0.6648985509569424,-2.026423711917823,1.3522177392972188,0.9447299554963751,False,0,0.0
GENE5734,-0.12785657386532634,0.7039915421530492,-0.8655937020268917,0.609880554296239,0.9652696057174206,False,0,0.0
GENE5735,2.864562376612999,0.0007631389742347361,1.7033942114153748,4.025730541810622,0.015699994522016706,True,0,0.0
GENE5736,-0.7229283691140771,0.15774564574848887,-1.7994722816541506,0.35361554342599644,0.6891274203154324,False,0,0.0
GENE5737,0.0647445067958321,0.8294846078730028,-0.6176318985311369,0.7471209121228011,0.9803012537877377,False,0,0.0
GENE5738,0.2684943020538366,0.4292125998653751,-0.48300775257316064,1.0199963566808339,0.9055806785604976,False,0,0.0
GENE5739,0.023704348502598727,0.9467784884433607,-0.7493098397231811,0.7967185367283786,0.9981153546799778,False,0,0.0
GENE5740,0.32026624419879335,0.4002669807625825,-0.5101238739119549,1.1506563623095416,0.8915392620141253,False,0,0.0
GENE5741,-0.31725977369162095,0.12856267899386464,-0.7503075790887916,0.11578803170554969,0.6284932945863433,False,0,0.0
GENE5742,0.10921565146428414,0.8197630216527889,-0.9742459589257237,1.192677261854292,0.9803012537877377,False,0,0.0
GENE5743,-0.022023544544318874,0.9477886086275968,-0.7935080487664727,0.749460959677835,0.9981153546799778,False,0,0.0
GENE5744,-0.2580737762114236,0.40532086784475096,-0.9338362205140222,0.417688668091175,0.8915392620141253,False,0,0.0
GENE5745,0.11427805178369077,0.7293012035437639,-0.6014871995536138,0.8300433031209954,0.9691735388751649,False,0,0.0
GENE5746,0.1690587693519987,0.706747539430583,-0.907002143675302,1.2451196823792994,0.9659698203289975,False,0,0.0
GENE5747,-0.5284175482667752,0.2619648900777223,-1.519898738313302,0.46306364177975157,0.8130488330862804,False,0,0.0
GENE5748,-0.0477409228451009,0.8895767587129282,-0.8083825128907206,0.7129006672005188,0.9844191032996955,False,0,0.0
GENE5749,-0.2113053560617093,0.6603095726971759,-1.281292545903235,0.8586818337798163,0.9436406700990756,False,0,0.0
GENE5750,0.13422371235893626,0.8096674353894318,-1.0865679351575188,1.3550153598753913,0.9801179834252379,False,0,0.0
GENE5751,-0.3273442948136678,0.31938265250636394,-1.030491151035088,0.3758025614077525,0.8557503767055863,False,0,0.0
GENE5752,0.10818416248153095,0.7859137059217529,-0.7835704774723367,0.9999388024353986,0.9761263280444417,False,0,0.0
GENE5753,0.7866372535765027,0.060557675697018025,-0.04588997516768678,1.6191644823206923,0.4318102484195945,False,0,0.0
GENE5754,-0.12835510106215509,0.7882613984367124,-1.1708646238167508,0.9141544216924407,0.9772857890222895,False,0,0.0
GENE5755,0.12819990221769473,0.7770200843119405,-0.8913986469616528,1.1477984513970423,0.9751387777485206,False,0,0.0
GENE5756,-1.6658452157700863,0.001200638722966204,-2.4722552120747334,-0.8594352194654393,0.02324766154762993,True,1,-2.077
GENE5757,-0.16361757416958067,0.6074854517496602,-0.8566284653123618,0.5293933169732005,0.9330779399297339,False,0,0.0
GENE5758,0.27303913459428575,0.49033479672470603,-0.5804073952918499,1.1264856644804215,0.9135954938974477,False,0,0.0
GENE5759,-0.24425200187788754,0.4405393123262139,-0.9340046930843513,0.4455006893285762,0.9055806785604976,False,0,0.0
GENE5760,-0.1555456904081387,0.7680343530875693,-1.3023570065572334,0.991265625740956,0.9751387777485206,False,0,0.0
GENE5761,-0.6150035779724305,0.11380388282768893,-1.4077465757792655,0.17773941983440444,0.5946102343510202,False,0,0.0
GENE5762,-0.0641872408521893,0.8376160469224693,-0.7839941880767708,0.6556197063723922,0.9803012537877377,False,0,0.0
GENE5763,-0.38527226364074885,0.19392251294510754,-1.014608238650172,0.24406371136867422,0.7459075961570644,False,0,0.0
GENE5764,0.41374422158188473,0.21132158974180032,-0.28593269886680617,1.1134211420305755,0.7747185058822967,False,0,0.0
GENE5765,1.2790639221127664,0.022054978722760275,0.2538666564083514,2.3042611878171817,0.22501595981272057,False,0,0.0
GENE5766,0.560226200539915,0.3753370262126853,-0.7927710462417155,1.9132234473215455,0.8827113054163502,False,0,0.0
GENE5767,-0.698599973855698,0.032025633899850914,-1.323012743735016,-0.0741872039763799,0.29695130024509653,False,0,0.0
GENE5768,-0.6953661017668731,0.06713252599946047,-1.4530895236138295,0.06235732008008321,0.46197469982207123,False,0,0.0
GENE5769,2.2551190111711166,0.00010087659026692034,1.5310855679013637,2.9791524544408694,0.0031624010440820267,True,1,1.771
GENE5770,0.06210964638635286,0.8469428062749544,-0.6406526609241174,0.7648719536968231,0.9803012537877377,False,0,0.0
GENE5771,-0.32122615698965973,0.42855379911168445,-1.2175244053151144,0.575072091335795,0.9055806785604976,False,0,0.0
GENE5772,0.4822761425980433,0.22424170742198438,-0.35255409716794317,1.3171063823640297,0.7826134210394398,False,0,0.0
GENE5773,0.40785861133088464,0.09007999172299724,-0.07653336906882968,0.892250591730599,0.5276790929860551,False,0,0.0
GENE5774,-0.19740432483844383,0.628188587142299,-1.126466266079977,0.7316576164030891,0.9369670967915277,False,0,0.0
GENE5775,-1.2434514075721863,0.05966726939522989,-2.553958039527568,0.06705522438319544,0.4300834199108724,False,0,0.0
GENE5776,-0.13318488292741115,0.7153359694721646,-0.9259430193123733,0.659573253457551,0.9688648231981444,False,0,0.0
GENE5777,0.04139247563380799,0.914893822056055,-0.8131273905858052,0.8959123418534212,0.9890016312598906,False,0,0.0
GENE5778,-0.09711113533674531,0.7203032317622502,-0.690465597202226,0.4962433265287354,0.9691735388751649,False,0,0.0
GENE5779,0.7900178422473574,0.008242032440109154,0.25728529952048673,1.3227503849742281,0.10173758793259736,False,0,0.0
GENE5780,-0.7025922147604975,0.10896570719244998,-1.5924829268999272,0.18729849737893223,0.5848023687638281,False,0,0.0
GENE5781,-0.6645304768487148,0.1722265391395978,-1.6830275625674425,0.35396660887001286,0.7130973056618567,False,0,0.0
GENE5782,-0.27349023110671666,0.5102342524575361,-1.1685312639668153,0.6215508017533821,0.9170564455607898,False,0,0.0
GENE5783,-0.08954983843353226,0.7785168326093946,-0.780648119188106,0.6015484423210414,0.9751387777485206,False,0,0.0
GENE5784,0.1499568613265332,0.5914004502523982,-0.4649887862854466,0.764902508938513,0.929563511803904,False,0,0.0
GENE5785,-0.4340083324204196,0.2736302169590359,-1.2719470115785088,0.4039303467376695,0.818170487522472,False,0,0.0
GENE5786,0.5756419074020247,0.15417355181182524,-0.26222178926795525,1.4135056040720047,0.685386349085141,False,0,0.0
GENE5787,-0.10178995174507577,0.745713103835762,-0.787765024926966,0.5841851214368144,0.9692418112874588,False,0,0.0
GENE5788,-0.4206478721811937,0.30305928542538185,-1.284162154190756,0.44286640982836856,0.8433536358685577,False,0,0.0
GENE5789,0.12327305082130913,0.7628326817735567,-0.7899696763625121,1.0365157780051304,0.9751387777485206,False,0,0.0
GENE5790,0.7074159802801603,0.09697872982001175,-0.15639546438167395,1.5712274249419944,0.5454971506996266,False,0,0.0
GENE5791,0.6014646591688244,0.06878563229448806,-0.05854712474266188,1.2614764430803107,0.46522639277810274,False,0,0.0
GENE5792,0.09433403399935969,0.8266948329734077,-0.9037236218033717,1.0923916898020911,0.9803012537877377,False,0,0.0
GENE5793,-0.018342730274968133,0.9150966550801387,-0.4054507385639308,0.36876527801399456,0.9890016312598906,False,0,0.0
GENE5794,-1.166404309531707,0.11055726759295324,-2.6937282539447684,0.36091963488135437,0.5885461010676082,False,0,0.0
GENE5795,-0.14645687887218983,0.5953447757657109,-0.74318771068813,0.4502739529437504,0.929563511803904,False,0,0.0
GENE5796,0.39245137025155685,0.40453845621258044,-0.6154493806805255,1.4003521211836392,0.8915392620141253,False,0,0.0
GENE5797,-0.052184333316256826,0.9198113581016902,-1.2019376299559146,1.097568963323401,0.9890016312598906,False,0,0.0
GENE5798,-0.1805303029567238,0.6687091134543585,-1.1457122286073664,0.7846516226939187,0.9460605294214599,False,0,0.0
GENE5799,-0.6985770690315283,0.21369947689655275,-1.893135934410299,0.4959817963472424,0.7747185058822967,False,0,0.0
GENE5800,0.2644742317558224,0.316338806746078,-0.29634187504390386,0.8252903385555487,0.8523453524195144,False,0,0.0
GENE5801,1.8183207014706504,0.0016660643598054197,0.9603478885487735,2.676293514392527,0.028261530860623076,True,1,1.796
GENE5802,-0.30712192461781385,0.37389572128806725,-1.0487513991672337,0.434507549931606,0.8827113054163502,False,0,0.0
GENE5803,-0.8693668395407839,0.012657596164296282,-1.5084731903116992,-0.2302604887698685,0.1477334727482518,False,0,0.0
GENE5804,0.26796746949177574,0.3090299044478392,-0.2892166274163943,0.8251515663999458,0.8452379407343185,False,0,0.0
GENE5805,-0.02618218842035347,0.9438305712303932,-0.8351633972668561,0.7827990204261491,0.9981153546799778,False,0,0.0
GENE5806,0.5424991504124099,0.07796434952933223,-0.07366855876405576,1.1586668595888756,0.4931330700335018,False,0,0.0
GENE5807,-0.28674874113833493,0.5221251952205648,-1.2854543554969282,0.7119568732202584,0.9170564455607898,False,0,0.0
GENE5808,0.0957074918471843,0.8621322030224198,-1.1091253426768737,1.3005403263712423,0.9803012537877377,False,0,0.0
GENE5809,0.5439353678019363,0.13587978699813635,-0.20833633820262343,1.296207073806496,0.648218790631206,False,0,0.0
GENE5810,0.2339953294606345,0.6617994919180953,-0.9235951915229867,1.3915858504442558,0.9446334766735747,False,0,0.0
GENE5811,1.9959920309094619,0.0017417696908731343,0.9887267523210153,3.0032573094979087,0.028666626162287004,True,1,2.278
GENE5812,-0.8925294337067333,0.043691314413914384,-1.7520275512624899,-0.033031316150976875,0.3581518180480568,False,0,0.0
GENE5814,-0.04451354283332609,0.9328135361726797,-1.23417008580993,1.1451430001432779,0.995254244198537,False,0,0.0
GENE5815,-0.434017179684429,0.18393309158945437,-1.1188244463916353,0.2507900870227774,0.7370664280257528,False,0,0.0
GENE5816,0.23319845769184067,0.5424379738155762,-0.6044277358468747,1.0708246512305561,0.9170564455607898,False,0,0.0
GENE5817,-0.12829633054131317,0.6551979942208626,-0.7561090267823746,0.4995163656997482,0.9424734439812116,False,0,0.0
GENE5818,-0.5392747781074654,0.22145783924627382,-1.503506730478076,0.42495717426314517,0.7796421256887536,False,0,0.0
GENE5819,0.1559007835917523,0.7099352901345433,-0.7550456810353887,1.0668472482188933,0.9674515076316891,False,0,0.0
GENE5820,-0.7224424694747835,0.11905390718564078,-1.6669536087556662,0.22206866980609918,0.6075748493324045,False,0,0.0
GENE5821,0.06576901444867289,0.892100164597073,-1.0126746954385277,1.1442127243358735,0.9844191032996955,False,0,0.0
GENE5822,0.33424043916634893,0.3331075986943531,-0.43754723841505405,1.106028116747752,0.8632513705992898,False,0,0.0
GENE5823,0.08869435211341425,0.8141723546496756,-0.731257170910671,0.9086458751374995,0.9803012537877377,False,0,0.0
GENE5824,-0.054926916939521675,0.8809614879422598,-0.85486319048087,0.7450093566018267,0.9828540667920449,False,0,0.0
GENE5825,0.13585948721871333,0.7311654718325875,-0.7402277032947345,1.011946677732161,0.9691735388751649,False,0,0.0
GENE5826,-0.2980083512008336,0.558650086264851,-1.395684836544243,0.7996681341425758,0.9235527230959638,False,0,0.0
GENE5827,0.11909655476065106,0.7760161632000917,-0.8166211785629922,1.0548142880842943,0.9751387777485206,False,0,0.0
GENE5828,-0.10757709415093508,0.7097208053331565,-0.743684455470553,0.5285302671686828,0.9674515076316891,False,0,0.0
GENE5829,-0.20199574531276632,0.62507164253644,-1.0962369381490822,0.6922454475235496,0.9369670967915277,False,0,0.0
GENE5830,-0.15410530631268093,0.815043653934524,-1.5844420333487534,1.2762314207233916,0.9803012537877377,False,0,0.0
GENE5831,-0.5214767161339431,0.12999828011856535,-1.238578044272212,0.1956246120043259,0.6319733574009626,False,0,0.0
GENE5832,-0.33227802223775527,0.33073186688605627,-1.0579294018170398,0.39337335734152923,0.8609157948871305,False,0,0.0
GENE5833,0.20445737999254465,0.6141073312625152,-0.6752887471465026,1.0842035071315919,0.935116488619382,False,0,0.0
GENE5834,0.03270519969327257,0.9355958676900378,-0.8885183506653409,0.953928750051886,0.99585412464947,False,0,0.0
GENE5835,-0.2901485899302001,0.4283799161055709,-1.106531707633112,0.5262345277727118,0.9055806785604976,False,0,0.0
GENE5836,1.0014952683879943,0.08712167882085928,-0.184077778632596,2.1870683154085846,0.5198347905474232,False,0,0.0
GENE5837,0.1769865446418919,0.6117661551065618,-0.5760124737846468,0.9299855630684306,0.9337234593009734,False,0,0.0
GENE5838,-0.36701201528522365,0.3209480482527788,-1.1508734599566988,0.41684942938625136,0.8577434307161544,False,0,0.0
GENE5839,-0.37668902365382806,0.08304915426826136,-0.812582542590981,0.05920449528332483,0.5062409866660993,False,0,0.0
GENE5840,0.1540694851136819,0.7331980457130572,-0.828036000453012,1.1361749706803757,0.9691735388751649,False,0,0.0
GENE5841,-0.1342826911939765,0.7089831994333443,-0.9165282474740002,0.6479628650860472,0.9674515076316891,False,0,0.0
GENE5842,-0.35219020723758243,0.49547264058953466,-1.475568329908756,0.7711879154335912,0.9170564455607898,False,0,0.0
GENE5843,0.33713354416900065,0.4339114642890506,-0.5845284077570033,1.2587954960950047,0.9055806785604976,False,0,0.0
GENE5844,-0.46743944398764503,0.219900028814214,-1.2652055203318073,0.33032663235651727,0.7796421256887536,False,0,0.0
GENE5845,2.0972997850305255,9.303307332340111e-06,1.5503283296212143,2.6442712404398367,0.0010037038333146797,True,1,2.558
GENE5846,-0.15823734999352723,0.7141706898944712,-1.1172895146230266,0.8008148146359721,0.9688648231981444,False,0,0.0
GENE5847,0.37297149821442677,0.18073325994867806,-0.2069962599172419,0.9529392563460954,0.7329531589294439,False,0,0.0
GENE5848,0.3530179828108815,0.6011816521764035,-1.2095731323054884,1.9156090979272513,0.9330779399297339,False,0,0.0
GENE5849,-0.2734816815932035,0.40482436893038887,-1.0207339001128584,0.4737705369264512,0.8915392620141253,False,0,0.0
GENE5850,-2.0778947139548594,0.00059892766920249,-3.0173457556688397,-1.138443672240879,0.01299870490851558,True,1,-1.954
GENE5851,-0.06470020474723448,0.833891535300272,-0.7545338222154417,0.6251334127209728,0.9803012537877377,False,0,0.0
GENE5852,-0.39834590781030954,0.28786557114517203,-1.1894542924066536,0.3927624767860346,0.8248301268542327,False,0,0.0
GENE5853,0.14446791565421524,0.6692917906061047,-0.5928495748877901,0.8817854061962206,0.9462070769127106,False,0,0.0
GENE5854,-1.8324130135843313,0.0012924451085452489,-2.7481127444294993,-0.9167132827391635,0.024310277041684442,True,1,-2.542
GENE5855,-0.1744593103565455,0.607436851659072,-0.9075853992471538,0.5586667785340628,0.9330779399297339,False,0,0.0
GENE5857,0.08259546741180657,0.8011652733624411,-0.631193308375896,0.7963842431995092,0.9801179834252379,False,0,0.0
GENE5858,-0.12101297655207954,0.7764142998766919,-1.0490854614643161,0.807059508360157,0.9751387777485206,False,0,0.0
GENE5859,0.1398990919166958,0.7913152672189926,-1.0893766385223,1.3691748223556917,0.9773454564229873,False,0,0.0
GENE5860,-0.29336268672226495,0.32566680220847966,-0.9270933029864055,0.34036792954187556,0.8592350499842759,False,0,0.0
GENE5861,0.2519234594837254,0.515122932305367,-0.5808547583051894,1.08470167727264,0.9170564455607898,False,0,0.0
GENE5862,-0.3001984957863595,0.2862611630483986,-0.9096405118121116,0.3092435202393926,0.8248301268542327,False,0,0.0
GENE5863,-0.20678330437206327,0.5334372668015137,-0.9259886601368821,0.5124220513927555,0.9170564455607898,False,0,0.0
GENE5864,0.4372726619678353,0.34607892566946963,-0.5505399192293694,1.42508524316504,0.8718187221903093,False,0,0.0
GENE5865,-0.028047242572158737,0.9468070146952289,-0.9456938484814202,0.8895993633371028,0.9981153546799778,False,0,0.0
GENE5866,3.112510956205023,3.908486697816328e-06,2.4402534299236605,3.7847684824863856,0.0007215322094512558,True,1,2.872
GENE5867,-0.002975681626247173,0.9902783730584697,-0.5337329701816059,0.5277816069291116,0.9984045558053897,False,0,0.0
GENE5868,2.836648851097405,1.0609126582234343e-05,2.0712507465864616,3.602046955608348,0.0010476512499956413,True,0,0.0
GENE5869,0.42958822746928504,0.35305940033406547,-0.5722892562044637,1.4314657111430338,0.8759953714318836,False,0,0.0
GENE5870,0.19731728424435957,0.6387006066440842,-0.7811431692364718,1.1757777377251908,0.9395669826268277,False,0,0.0
GENE5871,0.12570851619080736,0.6384764429051497,-0.4589231299650157,0.7103401623466304,0.9395669826268277,False,0,0.0
GENE5872,0.30486331108298614,0.4885879926963622,-0.6813698985069945,1.2910965206729668,0.9135954938974477,False,0,0.0
GENE5873,0.10730769529950823,0.797525322468348,-0.8032961321675443,1.0179115227665607,0.9795284694162714,False,0,0.0
GENE5875,-0.24714219825313988,0.6309167804458253,-1.4192490468061634,0.9249646502998836,0.9369670967915277,False,0,0.0
GENE5876,0.28642752554996376,0.5730903925712179,-0.8115550191198206,1.3844100702197482,0.9294936563216196,False,0,0.0
GENE5877,-0.4269318454124176,0.24364833740668024,-1.2044205117115698,0.3505568208867347,0.7934532671424102,False,0,0.0
GENE5878,-0.28205809141105576,0.45138373518728614,-1.1118603042680246,0.5477441214459132,0.9072637960246164,False,0,0.0
GENE5879,-0.14231619463881007,0.7055425968029705,-0.9694646939840282,0.6848323047064081,0.9652696057174206,False,0,0.0
GENE5880,-0.1294324574919159,0.7138311468617591,-0.9040427234040536,0.6451778084202218,0.9688648231981444,False,0,0.0
GENE5881,0.7304679242389414,0.19789424887020743,-0.45301107946128205,1.9139469279391648,0.7516175798435762,False,0,0.0
GENE5882,0.7928485527267588,0.15200704552876887,-0.3667067795151344,1.952403884968652,0.6823043520893602,False,0,0.0
GENE5883,-0.24617588309358718,0.5268785070998006,-1.084172774152342,0.5918210079651677,0.9170564455607898,False,0,0.0
GENE5884,-0.3464219346467603,0.4282882771624926,-1.2832136928989244,0.5903698236054037,0.9055806785604976,False,0,0.0
GENE5885,-2.202418570550079,9.582555803401258e-05,-2.9287191704750613,-1.4761179706250966,0.0030525076954383036,True,1,-2.152
GENE5886,-0.5385404932984554,0.30453256499377046,-1.6512793456321968,0.5741983590352859,0.8435509338887751,False,0,0.0
GENE5887,-0.04547060939831171,0.8785917534053902,-0.7101175347996475,0.619176316003024,0.9828540667920449,False,0,0.0
GENE5888,0.6286702694982793,0.1871963206604933,-0.3764800854077419,1.6338206244043005,0.7404129108634404,False,0,0.0
GENE5889,-0.07467599051518548,0.7847089382302934,-0.6692619016791859,0.5199099206488149,0.9753304927657832,False,0,0.0
GENE5890,-2.3194517451597,9.52671013653039e-05,-3.081664890585613,-1.5572385997337868,0.0030525076954383036,True,1,-1.985
GENE5891,-0.30534379560598035,0.5503899602528456,-1.4131047984659217,0.802417207253961,0.9194067492772341,False,0,0.0
GENE5892,0.45299682425367394,0.12318915275109663,-0.15059499020524247,1.0565886387125905,0.6148187695701444,False,0,0.0
GENE5893,-0.6944605418539043,0.055278448062236085,-1.408254735410397,0.019333651702588384,0.40823794823156806,False,0,0.0
GENE5894,-0.02299319684894252,0.9674804676470141,-1.2539424899447944,1.2079560962469094,0.9984045558053897,False,0,0.0
GENE5895,0.45664587972745885,0.2626740340628717,-0.4019053623172062,1.315197121772124,0.8130488330862804,False,0,0.0
GENE5896,-0.3525637070323686,0.46172335841971324,-1.390345697983845,0.6852182839191079,0.9072637960246164,False,0,0.0
GENE5897,1.6154453148098167,5.355331600284359e-05,1.2014699153640767,2.029420714255557,0.002166207593610492,True,1,1.938
GENE5898,0.25808522678293544,0.4702559128200364,-0.5210691309956827,1.0372395845615536,0.9082346186452764,False,0,0.0
GENE5899,0.9980537601951447,0.06153449399832884,-0.058777300192892845,2.0548848205831822,0.43716052390899085,False,1,1.303
GENE5900,0.2393624750322294,0.4866271661742848,-0.5076411328470629,0.9863660829115217,0.9135954938974477,False,0,0.0
GENE5901,0.2654514565296,0.5046186245257682,-0.6006745822183678,1.131577495277568,0.9170564455607898,False,0,0.0
GENE5902,0.45288953049021785,0.23993489662146916,-0.36056171527817715,1.266340776258613,0.7924271251294341,False,0,0.0
GENE5903,0.185794351316952,0.5612525219615392,-0.5051406330601292,0.8767293356940332,0.9237281090616999,False,0,0.0
GENE5904,0.030908995167179487,0.9529117085840794,-1.107407525503274,1.169225515837633,0.9981153546799778,False,0,0.0
GENE5905,0.11216166921409787,0.8058141646922979,-0.8794949662895797,1.1038183047177754,0.9801179834252379,False,0,0.0
GENE5906,0.3369968581138787,0.3679025322838826,-0.48466304628479984,1.1586567625125572,0.8827113054163502,False,0,0.0
GENE5907,0.685789181925248,0.026743713360987836,0.10593017575910757,1.2656481880913883,0.25891585239191656,False,0,0.0
GENE5908,0.00247991620566701,0.9946894913800042,-0.8125670475265365,0.8175268799378705,0.9984045558053897,False,0,0.0
GENE5909,-0.2484254304721727,0.5234361554885809,-1.0860478559938516,0.5891969950495062,0.9170564455607898,False,0,0.0
GENE5910,-0.43315021529173503,0.38126393512051215,-1.4936014847286734,0.6273010541452033,0.8827113054163502,False,0,0.0
GENE5911,-0.6039124882272748,0.19958957715558642,-1.636263726158904,0.42843874970435425,0.7517526356968669,False,0,0.0
GENE5912,-0.21089785881731338,0.564642009507369,-1.0015540335026767,0.5797583158680498,0.9238088230205794,False,0,0.0
GENE5913,-0.04488449661191041,0.9029530641954411,-0.8553442737309633,0.7655752805071425,0.9863563616072988,False,0,0.0
GENE5914,0.6913118865437422,0.11593493146346935,-0.20609332939845415,1.5887171024859386,0.5992796435134445,False,0,0.0
GENE5915,-0.005889679192737418,0.9863921752730237,-0.8230941504210044,0.8113147920355296,0.9984045558053897,False,0,0.0
GENE5916,-0.7790118527390781,0.056064409585819854,-1.5832854717391613,0.02526176626100507,0.408587486833927,False,0,0.0
GENE5917,-0.5980581231619562,0.06296458803925241,-1.2356827578912961,0.03956651156738378,0.4409753949557571,False,0,0.0
GENE5918,-1.049572513145143,0.09369223181788378,-2.3323934718536803,0.23324844556339452,0.5332627027098573,False,0,0.0
GENE5919,0.3491604489231692,0.38749908951694967,-0.5308647444799937,1.229185642326332,0.8827113054163502,False,0,0.0
GENE5920,0.5213531932117963,0.23353959371036354,-0.4457861364896253,1.488492522913218,0.7893288060815501,False,0,0.0
GENE5921,-0.7299544997612735,0.006657731023919874,-1.1993920692474942,-0.26051693027505274,0.0857877448299107,False,0,0.0
GENE5922,-0.13675297422474975,0.776950879406864,-1.2448237201120056,0.9713177716625061,0.9751387777485206,False,0,0.0
GENE5923,-0.18221850650317073,0.5649490874236622,-0.8646297018982192,0.5001926888918777,0.9238088230205794,False,0,0.0
GENE5924,-0.06583331682397997,0.8538641791520926,-0.8535358521190071,0.7218692184710471,0.9803012537877377,False,0,0.0
GENE5925,-0.377548597549453,0.24325231776981185,-1.0749792688295319,0.3198820737306258,0.7934532671424102,False,0,0.0
GENE5926,-0.6760088513776088,0.029847232805548074,-1.271152568575162,-0.0808651341800557,0.2807061180521783,False,1,-1.391
GENE5927,-0.6211093897738156,0.014490005013688438,-1.0897725298623007,-0.1524462496853305,0.16353005658305522,False,0,0.0
GENE5928,0.2662905862912348,0.8069616752550398,-2.131564797199899,2.6641459697823686,0.9801179834252379,False,0,0.0
GENE5929,-0.021097875268391242,0.9386347960052184,-0.6227650290657505,0.580569278528968,0.9965034178020642,False,0,0.0
GENE5930,-0.3582914000872073,0.33507388482317557,-1.1468506513912144,0.4302678512167999,0.8632513705992898,False,0,0.0
GENE5931,0.17041725131473484,0.6237766702486227,-0.5826457818590858,0.9234802844885555,0.9369670967915277,False,0,0.0
GENE5932,0.2650595443555881,0.4533166186562293,-0.5057326309968592,1.0358517197080355,0.9072637960246164,False,0,0.0
GENE5933,0.12078208479780095,0.6076529643958961,-0.4344796439757256,0.6760438135713275,0.9330779399297339,False,0,0.0
GENE5934,-0.23551204751983779,0.5203207596629043,-1.0236375718943476,0.552613476854672,0.9170564455607898,False,0,0.0
GENE5935,-0.42943360341329395,0.35619800477860963,-1.4205926131855846,0.5617254063589966,0.8767711503519908,False,0,0.0
GENE5936,-0.17840139137161692,0.6257372850210021,-0.9684273627071505,0.6116245799639166,0.9369670967915277,False,0,0.0
GENE5937,-0.45938218297055755,0.19852202581365647,-1.2026785891279723,0.28391422318685733,0.7517526356968669,False,0,0.0
GENE5938,0.1899697567354277,0.6484657333166532,-0.7199432951380873,1.0998828086089427,0.9415364642766733,False,0,0.0
GENE5939,0.37561145245373684,0.42641135517402995,-0.6457303044304981,1.3969532093379717,0.9055806785604976,False,0,0.0
GENE5940,0.39543127429453095,0.23885700133082943,-0.31618332899956203,1.1070458775886238,0.7920410437611398,False,0,0.0
GENE5941,0.3339720455983244,0.5082621127303402,-0.7538279103786614,1.4217720015753101,0.9170564455607898,False,0,0.0
GENE5942,-0.10275254755936114,0.6526870774721902,-0.609408846272335,0.40390375115361277,0.9416048049726631,False,0,0.0
GENE5943,0.21573895548744826,0.6796134667197142,-0.9415318413060705,1.373009752280967,0.9492626214122201,False,0,0.0
GENE5944,-0.5058946997682003,0.04532267248434221,-0.9982855342688725,-0.013503865267528226,0.3672077615829396,False,0,0.0
GENE5945,1.3672165530458726,0.003440099302071949,0.5862911711145766,2.1481419349771684,0.05108418136535413,False,1,1.601
GENE5946,0.024305076986371965,0.9363549921387675,-0.6377144278491664,0.6863245818219104,0.99585412464947,False,0,0.0
GENE5947,-0.26257563753997637,0.44155655364747304,-0.9932405929057139,0.46808931782576113,0.9055806785604976,False,0,0.0
GENE5948,-0.32700209994261087,0.2971216396189197,-1.0143136024496346,0.3603094025644128,0.8319046091114812,False,0,0.0
GENE5949,0.47733942256190565,0.23771638407107243,-0.3818468725327532,1.3365257176565644,0.7920410437611398,False,0,0.0
GENE5950,0.3253032659613284,0.5278183917839883,-0.7932277910972685,1.4438343230199253,0.9170564455607898,False,0,0.0
GENE5951,0.8392600241386079,0.0244589034823734,0.14267645612241853,1.5358435921547973,0.24397138574589627,False,0,0.0
GENE5952,-0.37812032119809746,0.28319137208809175,-1.1210500672634893,0.3648094248672945,0.8248301268542327,False,0,0.0
GENE5953,-0.292559228025735,0.4388057287332118,-1.1020572434847806,0.5169387874333106,0.9055806785604976,False,0,0.0
GENE5954,0.17059697289538622,0.7159648485231929,-0.8791676095947953,1.2203615553855678,0.9688648231981444,False,0,0.0
GENE5955,0.22225921648236913,0.6567504914322442,-0.8597926959819187,1.304311128946657,0.9433325240572233,False,0,0.0
GENE5956,0.4066265897433565,0.4697122158803102,-0.8769581209776873,1.6902113004644004,0.9082346186452764,False,0,0.0
GENE5957,-0.13195562347058498,0.7390644253741152,-1.0180145072139293,0.7541032602727593,0.9691735388751649,False,0,0.0
GENE5958,-0.8603579255436253,0.08172582870981641,-1.8534602578118728,0.1327444067246223,0.5028302545230138,False,0,0.0
GENE5959,-0.030169375523465547,0.9413430037013013,-0.9585219046333644,0.8981831535864333,0.996864574965185,False,0,0.0
GENE5960,-0.03501759986420838,0.939887605783483,-1.0446426917170655,0.9746074919886487,0.9965034178020642,False,0,0.0
GENE5961,-0.6055899948745189,0.1812040730342468,-1.5532176119473786,0.3420376221983408,0.7333566480381914,False,0,0.0
GENE5962,-0.23083817827755482,0.41236931290544265,-0.8321420762047199,0.3704657196496103,0.8935502416230686,False,0,0.0
GENE5963,-0.2169582606086502,0.7037161343810745,-1.4627430562514399,1.0288265350341395,0.9652696057174206,False,0,0.0
GENE5964,0.6056826704637075,0.1149568169434929,-0.1785635414845086,1.3899288824119236,0.5974729301668381,False,0,0.0
GENE5965,0.2700960081835211,0.6208880457220213,-0.9202020419313959,1.460394058298438,0.9369670967915277,False,0,0.0
GENE5966,-0.08749466152332097,0.8118850738651592,-0.8852611157311693,0.7102717926845273,0.9801179834252379,False,0,0.0
GENE5967,1.5230404983356598,0.00021847088279892103,1.0076474165558293,2.0384335801154903,0.005753066580371587,True,1,1.024
GENE5968,-0.6318225771004959,0.2775488090513979,-1.8707236945608885,0.6070785403598966,0.8220735512183328,False,0,0.0
GENE5969,-0.019002141505664483,0.9519103778864355,-0.7133371798930214,0.6753328968816924,0.9981153546799778,False,0,0.0
GENE5970,0.32581375588282047,0.4320664652617784,-0.5609756262602292,1.2126031380258702,0.9055806785604976,False,0,0.0
GENE5971,-0.17632573453437672,0.5545618007859441,-0.8687690398628166,0.5161175707940632,0.9232594227687783,False,0,0.0
GENE5972,-0.27496256884866277,0.43653947060684495,-1.0310405612618911,0.4811154235645656,0.9055806785604976,False,0,0.0
GENE5973,1.1324637474707728,0.007089782314207986,0.4174051715789534,1.8475223233625924,0.08918675204178836,False,0,0.0
GENE5974,0.12693940133957438,0.8224444610846937,-1.1165817491772427,1.3704605518563915,0.9803012537877377,False,0,0.0
GENE5975,0.15379847550491021,0.703640134058291,-0.7223404857685028,1.0299374367783232,0.9652696057174206,False,0,0.0
GENE5976,-0.3265026281396457,0.04173971347980339,-0.6379992931638203,-0.015005963115471033,0.3507912090323902,False,0,0.0
GENE5977,0.3512071809700821,0.2606678311087467,-0.31365169448561114,1.0160660564257753,0.8130488330862804,False,0,0.0
GENE5978,-0.2476381946681947,0.28411099812576995,-0.7364910109818361,0.24121462164544666,0.8248301268542327,False,0,0.0
GENE5979,-0.0704357473826791,0.8305307482910418,-0.7953589077108484,0.6544874129454902,0.9803012537877377,False,0,0.0
GENE5980,0.14887169801622235,0.6790832781206826,-0.6455786329391644,0.9433220289716091,0.9492626214122201,False,0,0.0
GENE5981,-0.5712340558724387,0.06345480994848947,-1.1815474996714865,0.039079387926609144,0.4425013673530598,False,0,0.0
GENE5982,-0.3850632485555545,0.2928860921425199,-1.1579468630728695,0.3878203659617606,0.8311063677894782,False,0,0.0
GENE5983,-0.712684274743633,0.26746572548043107,-2.1408844741080393,0.7155159246207732,0.8144867268506248,False,1,-1.259
GENE5984,-0.08666169922446176,0.8526961847949153,-1.1047269141553098,0.9314035157063862,0.9803012537877377,False,0,0.0
GENE5985,-0.02335140855163509,0.9044726650764301,-0.46010068199433407,0.4133978648910639,0.9863796319856154,False,0,0.0
GENE5986,-0.36716636319969354,0.4104920528328676,-1.3312469319997058,0.5969142056003187,0.8935502416230686,False,0,0.0
GENE5987,0.3198162386297767,0.2362609300889789,-0.26698525041007093,0.9066177276696243,0.7908734524164972,False,0,0.0
GENE5988,0.06304054003318482,0.8868003989103506,-0.9175086984999623,1.043589778566332,0.9828540667920449,False,0,0.0
GENE5989,-0.30167521451620516,0.220325362827587,-0.8236887416175485,0.22033831258513814,0.7796421256887536,False,0,0.0
GENE5990,0.2936577884270841,0.45009782627481176,-0.5573578725810168,1.1446734494351851,0.9072637960246164,False,0,0.0
GENE5991,-0.10443493412692151,0.7428568995074125,-0.8064353323122702,0.5975654640584271,0.9692418112874588,False,0,0.0
GENE5992,2.1272585526167607,0.0002789710246654581,1.2632925037760003,2.991224601457521,0.006802071280423206,True,1,2.027
GENE5993,0.1263068021104079,0.749578464084108,-0.7595790709810539,1.0121926752018697,0.9692418112874588,False,0,0.0
GENE5994,-0.3277099797774128,0.5653727258487341,-1.5646744184046844,0.9092544588498588,0.9238088230205794,False,0,0.0
GENE5995,1.522422728433388,0.016569727122965124,0.37822360568683355,2.6666218511799427,0.1828224082003135,False,0,0.0
GENE5996,2.078427660969032,0.000383918811126882,1.1981517733068523,2.9587035486312114,0.008920466493830494,True,1,1.263
GENE5997,-0.03185328555946931,0.9140645867207309,-0.6747152349525536,0.611008663833615,0.9890016312598906,False,0,0.0
GENE5998,-0.4999052361313048,0.15471611942499197,-1.2399029712363574,0.24009249897374774,0.685386349085141,False,0,0.0
GENE5999,-0.3411220383962461,0.33540358754786037,-1.0924989938780953,0.410254917085603,0.8632513705992898,False,0,0.0
